Dia,dir,prec,presMax,presMin,racha,sol,tmax,tmed,tmin,velmedia
2016-01-01,18,7.0,1012.5,998.3,19.4,1.8,15.3,12.4,9.4,5.8
2016-01-02,22,2.2,1014.3,1006.2,13.6,5.7,14.0,11.2,8.4,4.2
2016-01-03,25,12.0,1006.2,996.9,19.2,0.0,15.6,14.0,12.3,5.8
2016-01-04,29,11.2,999.9,994.5,17.8,0.0,13.0,11.0,9.1,6.7
2016-01-05,99,7.6,1006.2,998.6,21.4,1.9,11.2,9.5,7.8,10.8
2016-01-06,24,11.2,1006.5,997.5,19.2,0.0,15.0,12.0,9.0,6.4
2016-01-07,24,95.0,1001.4,995.0,20.3,0.0,15.9,13.9,11.9,5.8
2016-01-08,22,7.6,998.7,993.5,18.1,0.3,16.2,13.0,9.7,3.6
2016-01-09,21,21.8,998.2,990.9,23.3,0.4,13.4,11.8,10.1,6.4
2016-01-10,26,12.4,993.2,987.8,21.7,0.0,12.4,11.2,9.9,5.8
2016-01-11,24,10.0,1010.4,990.8,21.1,3.1,13.2,11.1,9.0,7.5
2016-01-12,24,0.0,1018.5,1010.4,13.3,4.8,12.4,9.8,7.2,3.9
2016-01-13,17,27.4,1018.4,1004.0,16.7,0.1,14.9,10.8,6.7,4.2
2016-01-14,26,1.2,1019.3,1004.6,14.7,1.0,14.8,11.6,8.4,6.4
2016-01-15,02,0.0,1027.7,1019.1,11.4,5.8,11.8,8.8,5.8,2.5
2016-01-16,14,0.0,1027.4,1021.2,6.4,8.3,12.2,8.0,3.7,1.7
2016-01-17,18,11.0,1021.3,1009.4,15.3,0.2,11.3,9.8,8.2,3.3
2016-01-18,30,2.4,1012.0,1008.6,20.3,2.6,12.4,10.9,9.4,5.8
2016-01-19,17,0.0,1011.8,1005.8,8.9,3.3,13.2,10.9,8.6,2.5
2016-01-20,15,0.6,1008.2,1004.9,8.3,4.1,16.6,13.1,9.6,3.1
2016-01-21,19,0.8,1013.5,1007.3,11.4,2.4,18.0,15.1,12.2,2.8
2016-01-22,21,8.8,1021.2,1013.0,9.7,0.0,17.1,15.6,14.2,3.3
2016-01-23,22,0.0,1023.0,1020.8,9.7,1.5,19.1,16.9,14.7,2.8
2016-01-24,19,0.4,1021.7,1013.0,16.1,5.5,20.5,16.7,12.9,3.3
2016-01-25,18,8.6,1024.9,1012.9,11.4,1.1,17.6,13.8,10.1,2.8
2016-01-26,21,0.0,1024.9,1019.8,11.1,4.5,14.4,11.0,7.7,4.4
2016-01-27,19,23.2,1019.8,1013.4,15.0,1.0,14.7,13.0,11.3,4.4
2016-01-28,36,6.2,1030.0,1015.6,17.8,0.0,11.5,10.6,9.6,5.3
2016-01-29,22,0.0,1029.9,1026.3,7.5,7.5,14.2,9.8,5.5,1.9
2016-01-30,24,2.8,1026.6,1023.9,13.9,1.3,14.3,12.2,10.0,5.0
2016-01-31,24,0.6,1028.8,1023.9,11.4,0.0,15.1,14.0,12.9,3.9
2016-02-01,22,0.0,1028.5,1024.8,5.8,0.0,13.5,12.8,12.0,2.2
2016-02-02,36,1.0,1026.4,1022.4,9.2,0.5,15.7,13.8,11.8,3.6
2016-02-03,36,0.0,1032.4,1026.4,10.8,5.9,13.0,10.4,7.8,5.8
2016-02-04,09,0.0,1032.3,1022.3,5.0,9.5,15.0,10.6,6.2,1.4
2016-02-05,22,0.0,1022.3,1012.4,12.5,8.8,16.9,12.4,7.8,3.6
2016-02-06,22,18.4,1012.4,995.2,23.1,0.2,14.4,11.7,9.0,6.9
2016-02-07,25,1.0,1013.0,1004.8,17.8,2.6,13.3,10.6,7.8,6.1
2016-02-08,22,4.8,1013.9,1007.9,17.8,1.0,16.2,14.4,12.6,6.4
2016-02-09,22,27.8,1010.5,1003.1,23.3,0.0,14.9,12.7,10.5,7.8
2016-02-10,25,30.0,1010.3,1001.7,18.3,0.5,14.8,11.7,8.6,5.6
2016-02-11,23,20.6,1006.8,1001.4,14.7,1.5,14.8,12.0,9.1,4.4
2016-02-12,24,15.0,1001.8,998.0,18.1,0.0,14.5,14.1,13.7,6.7
2016-02-13,24,11.0,999.8,992.1,22.8,0.0,14.7,12.8,10.8,7.8
2016-02-14,31,7.6,1009.4,993.7,25.6,1.1,11.4,9.3,7.2,10.3
2016-02-15,36,0.8,1027.0,1009.4,21.1,5.7,11.4,9.4,7.4,8.9
2016-02-16,02,0.0,1027.8,1020.0,7.2,9.8,12.3,8.8,5.4,2.2
2016-02-17,99,13.6,1020.0,1009.5,12.8,0.2,10.0,8.1,6.2,4.2
2016-02-18,33,4.0,1020.0,1013.1,12.8,5.0,10.3,8.2,6.2,2.2
2016-02-19,27,0.4,1022.1,1019.8,7.5,5.9,12.7,8.3,3.9,2.5
2016-02-20,99,0.0,1024.5,1020.9,5.0,0.3,13.1,11.1,9.1,1.4
2016-02-21,34,0.0,1022.1,1014.0,6.4,3.1,14.3,12.6,11.0,2.8
2016-02-22,28,0.4,1018.9,1013.2,9.7,0.6,13.4,11.0,8.7,3.3
2016-02-23,22,1.4,1020.2,1014.0,11.9,0.1,13.6,11.8,10.1,3.9
2016-02-24,22,12.6,1014.0,1005.5,11.4,3.6,14.7,12.4,10.1,4.2
2016-02-25,28,10.6,1014.6,1008.5,12.2,2.9,13.2,11.6,9.9,1.9
2016-02-26,34,9.0,1008.5,995.1,19.2,0.9,10.9,9.1,7.3,5.3
2016-02-27,32,10.4,1003.8,996.7,21.7,0.4,9.7,8.0,6.4,8.6
2016-02-28,35,1.2,1015.6,1003.6,17.5,0.0,10.6,9.4,8.2,8.6
2016-02-29,36,0.0,1024.9,1015.6,13.1,5.8,12.7,10.2,7.8,3.9
2016-03-01,28,3.0,1024.8,1021.5,10.3,7.2,14.3,9.2,4.1,2.5
2016-03-02,29,1.0,1021.8,1019.1,12.8,1.1,14.0,12.2,10.3,4.4
2016-03-03,26,7.8,1020.3,1009.2,11.7,1.8,14.0,12.0,10.1,3.6
2016-03-04,99,8.2,1009.2,997.3,20.6,1.9,11.8,9.6,7.3,8.3
2016-03-05,30,9.8,1011.4,1002.9,16.1,4.0,11.4,9.6,7.7,5.6
2016-03-06,30,8.8,1012.8,1005.0,17.2,4.1,12.4,10.2,8.1,4.2
2016-03-07,35,5.2,1014.9,1005.3,18.9,3.5,11.3,9.4,7.5,6.7
2016-03-08,35,9.6,1019.0,1014.9,9.7,3.1,12.9,10.8,8.6,2.2
2016-03-09,25,1.0,1015.6,1009.9,15.0,3.9,12.7,11.2,9.7,5.8
2016-03-10,36,0.0,1020.1,1014.8,15.3,5.3,12.8,11.2,9.7,4.7
2016-03-11,02,0.0,1020.2,1017.6,12.5,10.5,13.2,10.8,8.3,5.6
2016-03-12,06,0.0,1018.9,1016.2,11.7,11.0,15.3,10.6,5.9,3.9
2016-03-13,05,0.0,1016.9,1011.8,10.6,11.2,16.3,11.4,6.4,3.3
2016-03-14,07,0.0,1012.1,1006.7,8.6,10.9,16.3,11.3,6.3,2.2
2016-03-15,99,0.0,1014.1,1008.5,7.8,10.9,17.1,12.6,8.2,2.5
2016-03-16,36,0.0,1015.5,1013.3,12.2,11.5,14.1,10.0,5.8,4.4
2016-03-17,04,0.0,1013.3,1010.6,8.9,6.2,14.4,10.4,6.4,3.6
2016-03-18,14,2.2,1011.2,1004.0,7.8,0.9,12.5,9.8,7.0,2.2
2016-03-19,03,3.6,1006.6,1002.7,8.6,5.4,15.2,12.2,9.2,3.3
2016-03-20,03,0.3,1009.9,1006.5,11.9,0.0,11.3,10.5,9.7,5.0
2016-03-21,05,0.0,1009.7,1007.3,11.7,4.8,15.4,12.6,9.9,6.1
2016-03-22,04,0.0,1008.0,1003.8,10.8,10.1,15.4,12.4,9.5,4.2
2016-03-23,06,0.0,1012.7,1005.4,11.7,1.2,13.3,11.0,8.8,5.8
2016-03-24,28,0.0,1015.8,1011.8,6.7,9.6,13.7,10.2,6.7,2.5
2016-03-25,22,5.8,1015.8,1011.4,12.2,0.2,15.0,13.0,10.9,3.6
2016-03-26,23,7.2,1011.4,1003.5,19.7,3.1,17.0,13.3,9.6,6.7
2016-03-27,25,9.4,1010.4,1000.1,20.6,6.1,15.1,12.0,8.8,7.5
2016-03-28,22,18.6,1007.0,1000.6,18.3,5.8,16.4,13.8,11.3,5.6
2016-03-29,28,62.0,1006.6,1002.7,9.7,0.0,13.4,11.2,8.9,2.8
2016-03-30,36,33.0,1008.5,1001.2,17.8,0.0,9.4,8.0,6.6,5.8
2016-03-31,34,0.0,1017.3,1008.5,15.0,9.3,12.6,10.0,7.5,4.2
2016-04-01,29,0.0,1017.0,1005.9,6.4,11.7,13.4,9.2,5.0,2.2
2016-04-02,22,4.0,1005.9,995.9,17.8,0.0,14.1,11.8,9.4,2.8
2016-04-03,24,3.4,1000.1,995.4,17.2,3.8,12.9,10.7,8.5,5.0
2016-04-04,22,10.2,1003.9,994.6,10.3,4.4,13.6,10.8,8.1,2.8
2016-04-05,35,0.0,1013.5,1003.9,8.3,7.4,14.8,12.6,10.3,2.5
2016-04-06,36,0.0,1016.7,1012.6,10.8,6.3,15.5,11.9,8.3,3.6
2016-04-07,35,0.4,1018.2,1016.1,11.7,0.9,12.9,11.1,9.3,5.8
2016-04-08,22,3.0,1017.0,1010.4,10.0,7.4,13.8,10.4,7.0,2.5
2016-04-09,22,6.8,1010.4,995.5,11.4,5.8,12.6,10.4,8.3,4.4
2016-04-10,22,17.2,995.5,985.5,17.2,2.0,10.3,7.8,5.3,5.0
2016-04-11,22,4.8,997.4,992.8,15.8,6.3,14.0,9.6,5.2,5.3
2016-04-12,21,10.8,998.8,994.6,19.4,5.3,15.1,11.8,8.5,4.2
2016-04-13,20,10.6,1001.7,995.6,12.8,4.2,15.4,11.6,7.7,3.6
2016-04-14,14,0.0,1002.9,993.0,15.6,8.1,18.1,14.5,10.9,5.3
2016-04-15,16,25.6,1002.7,997.8,5.8,0.4,13.7,12.2,10.6,1.7
2016-04-16,04,18.6,1004.7,997.1,10.0,0.0,12.4,10.8,9.1,1.7
2016-04-17,05,0.0,1012.3,1004.6,9.2,7.7,14.8,11.6,8.5,3.1
2016-04-18,99,1.6,1012.4,1005.0,11.9,9.6,18.0,12.5,7.0,3.6
2016-04-19,12,2.2,1005.0,1001.1,7.8,1.0,20.0,16.5,13.0,2.2
2016-04-20,01,0.0,1005.0,1001.1,6.7,1.0,18.5,15.3,12.1,2.2
2016-04-21,19,1.2,1013.3,1007.8,10.0,2.9,17.4,14.8,12.2,2.8
2016-04-22,32,1.2,1013.3,1011.7,6.1,3.3,18.3,14.8,11.2,1.9
2016-04-23,29,0.8,1014.4,1010.1,11.7,9.3,16.1,13.8,11.4,3.1
2016-04-24,05,0.0,1015.0,1013.3,11.1,11.6,15.7,12.5,9.3,4.2
2016-04-25,36,0.0,1014.1,1009.4,12.2,13.4,17.1,13.2,9.3,4.4
2016-04-26,99,0.0,1009.7,1007.6,11.7,12.7,14.4,11.4,8.4,5.0
2016-04-27,07,0.0,1008.7,1005.4,11.7,6.3,15.4,12.0,8.7,4.4
2016-04-28,04,0.0,1012.8,1008.4,13.9,10.1,14.5,12.2,9.9,6.7
2016-04-29,35,0.0,1015.7,1011.0,14.2,10.7,14.1,11.8,9.5,5.6
2016-04-30,35,0.0,1024.1,1015.7,13.3,12.2,13.8,11.8,9.7,5.6
2016-05-01,34,0.0,1024.1,1020.4,13.1,13.7,15.1,11.2,7.4,4.7
2016-05-02,35,0.0,1020.4,1016.8,15.0,13.5,16.5,12.3,8.1,4.2
2016-05-03,99,0.0,1018.8,1011.3,10.0,13.5,20.9,15.4,9.9,3.9
2016-05-04,28,0.0,1011.3,1005.1,5.8,13.4,25.2,18.4,11.6,2.2
2016-05-05,28,4.8,1005.1,1003.2,6.7,3.9,18.8,16.2,13.7,2.2
2016-05-06,05,2.6,1003.2,997.0,8.3,1.4,14.5,13.5,12.5,2.8
2016-05-07,17,3.0,997.0,986.4,12.2,1.2,17.1,14.8,12.5,4.2
2016-05-08,17,1.4,986.4,982.9,14.7,4.7,19.4,15.6,11.9,3.9
2016-05-09,15,11.0,996.5,984.8,12.8,4.0,18.9,15.8,12.6,3.6
2016-05-10,28,6.8,996.6,993.7,10.0,3.1,18.3,14.7,11.1,1.7
2016-05-11,19,0.8,998.2,995.7,8.9,7.3,18.3,14.2,10.2,2.5
2016-05-12,28,7.0,1004.8,997.7,8.9,6.7,18.0,15.2,12.3,3.6
2016-05-13,24,7.8,1011.1,1004.7,10.8,0.0,13.8,13.0,12.3,4.2
2016-05-14,26,2.8,1017.5,1010.8,8.6,0.0,13.9,13.2,12.6,3.3
2016-05-15,34,0.0,1018.6,1016.6,11.7,10.1,17.3,14.9,12.5,3.3
2016-05-16,36,0.0,1018.1,1015.2,10.3,12.4,17.2,14.2,11.3,3.3
2016-05-17,99,0.0,1015.2,1011.1,7.8,13.4,17.3,14.2,11.0,2.8
2016-05-18,28,2.0,1015.2,1010.0,9.7,4.0,18.1,15.4,12.7,3.1
2016-05-19,24,0.0,1017.4,1013.9,7.2,3.4,19.3,16.6,13.8,2.8
2016-05-20,30,0.0,1016.2,1009.0,7.8,3.4,18.3,16.2,14.0,1.9
2016-05-21,18,16.2,1009.0,1003.9,9.4,0.0,19.4,15.8,12.2,2.2
2016-05-22,27,0.0,1018.9,1005.9,12.2,12.0,17.2,14.4,11.7,4.4
2016-05-23,99,0.4,1018.9,1005.5,8.3,8.5,17.9,14.0,10.1,3.3
2016-05-24,21,2.0,1005.5,1000.5,11.4,2.5,20.2,17.2,14.3,3.9
2016-05-25,20,0.8,1005.3,1000.8,10.8,2.5,18.0,15.5,13.0,1.7
2016-05-26,01,0.0,1005.8,1003.9,6.7,9.8,21.0,16.0,11.1,2.5
2016-05-27,22,7.8,1006.2,1004.5,12.8,5.8,22.2,17.2,12.2,2.5
2016-05-28,24,10.4,1006.9,1003.1,11.1,2.5,20.9,17.4,13.9,2.5
2016-05-29,28,2.2,1011.8,1006.0,14.2,5.4,19.4,16.4,13.5,5.8
2016-05-30,24,0.0,1016.6,1011.3,7.8,9.1,19.3,16.6,14.0,3.1
2016-05-31,35,0.0,1018.4,1016.3,11.7,12.0,17.6,15.6,13.7,5.3
2016-06-01,04,0.0,1017.7,1011.6,12.2,13.9,19.0,15.6,12.1,5.0
2016-06-02,05,0.0,1011.6,1004.6,6.4,13.9,21.7,16.7,11.7,1.9
2016-06-03,32,0.0,1007.2,1003.1,8.6,11.8,20.1,17.4,14.6,2.8
2016-06-04,28,0.0,1010.8,1007.2,7.2,6.2,20.2,17.5,14.8,2.2
2016-06-05,29,0.4,1010.4,1009.0,5.0,5.4,20.5,16.8,13.1,1.7
2016-06-06,27,0.2,1015.1,1008.1,9.4,5.2,21.3,18.4,15.4,2.8
2016-06-07,35,0.0,1015.4,1012.8,5.8,10.3,22.1,18.5,14.9,1.9
2016-06-08,28,0.0,1013.9,1011.8,7.8,13.0,21.5,18.8,16.1,2.2
2016-06-09,29,2.4,1012.9,1009.3,6.7,3.4,20.8,18.2,15.6,1.7
2016-06-10,27,0.0,1011.2,1009.0,8.3,11.2,20.5,17.7,14.9,3.9
2016-06-11,24,0.0,1011.6,1009.3,10.6,9.6,22.9,18.2,13.5,3.6
2016-06-12,24,2.6,1011.6,1010.2,10.6,0.3,21.5,19.4,17.3,3.6
2016-06-13,26,1.0,1012.0,1009.6,13.1,6.5,21.0,18.4,15.8,5.0
2016-06-14,27,7.4,1010.4,999.1,16.4,4.7,20.1,17.8,15.6,5.3
2016-06-15,26,25.4,1000.6,995.9,12.5,3.1,17.0,15.0,13.0,4.4
2016-06-16,28,11.4,1008.7,999.7,14.7,6.8,19.3,16.2,13.1,5.3
2016-06-17,26,2.6,1017.9,1008.6,9.4,2.2,18.9,16.4,13.9,4.2
2016-06-18,29,0.0,1024.1,1017.9,7.8,10.4,18.5,16.2,13.8,3.1
2016-06-19,35,0.0,1023.8,1020.4,7.8,13.3,19.3,16.4,13.4,3.1
2016-06-20,31,0.0,1020.4,1015.2,5.3,13.3,23.2,18.8,14.5,2.2
2016-06-21,30,0.0,1015.2,1010.2,7.5,14.4,23.2,19.6,15.9,2.5
2016-06-22,34,0.2,1010.2,1008.5,8.6,5.9,20.4,18.6,16.9,2.5
2016-06-23,34,0.2,1015.7,1008.5,8.6,0.9,19.1,18.0,16.9,2.2
2016-06-24,36,0.0,1017.2,1014.6,11.4,2.4,17.7,16.6,15.5,4.4
2016-06-25,02,0.0,1016.5,1015.0,13.3,3.8,19.1,17.0,14.9,5.6
2016-06-26,03,0.0,1018.7,1015.2,12.5,9.9,19.3,17.2,15.2,5.8
2016-06-27,35,0.0,1018.0,1015.5,11.7,14.9,19.2,16.8,14.3,3.3
2016-06-28,26,0.0,1016.0,1013.1,6.4,9.0,20.1,17.0,13.9,1.9
2016-06-29,30,0.0,1013.2,1011.2,6.9,11.0,20.9,18.4,15.9,3.1
2016-06-30,99,0.0,1013.5,1010.8,8.9,3.6,21.4,18.6,15.8,3.3
2016-07-01,27,0.2,1016.6,1012.5,7.8,1.7,21.1,18.7,16.3,2.5
2016-07-02,99,0.0,1018.2,1016.0,8.3,13.3,20.3,17.9,15.5,3.3
2016-07-03,35,0.0,1017.5,1012.5,15.3,14.5,20.0,17.7,15.4,6.1
2016-07-04,04,0.0,1014.0,1010.9,12.2,12.8,22.5,19.4,16.4,5.8
2016-07-05,04,0.0,1014.8,1013.0,12.2,8.3,21.6,18.8,16.1,6.4
2016-07-06,04,0.0,1013.5,1010.3,9.7,10.4,23.3,19.7,16.1,2.5
2016-07-07,36,0.0,1014.2,1010.0,8.3,12.1,23.1,19.7,16.3,1.9
2016-07-08,28,0.0,1017.5,1013.8,6.1,12.0,22.6,19.6,16.6,2.5
2016-07-09,30,0.0,1017.0,1012.0,7.2,12.3,21.6,18.6,15.5,2.5
2016-07-10,29,0.1,1012.1,1010.4,11.1,9.1,23.3,20.4,17.4,3.9
2016-07-11,30,0.0,1014.1,1010.8,8.3,7.1,22.5,19.7,16.9,3.1
2016-07-12,32,0.0,1018.2,1013.2,7.5,11.0,21.3,18.6,16.0,3.1
2016-07-13,36,0.0,1019.9,1017.8,13.1,12.8,19.9,17.2,14.4,4.4
2016-07-14,05,0.0,1019.0,1016.1,11.9,14.3,22.7,18.8,14.8,5.6
2016-07-15,05,0.0,1016.5,1011.7,10.3,14.5,26.0,21.0,15.9,3.3
2016-07-16,08,0.0,1012.0,1008.9,5.8,14.5,30.6,23.8,17.0,2.2
2016-07-17,29,0.0,1009.0,1007.0,4.7,14.6,29.8,24.2,18.5,1.4
2016-07-18,25,0.0,1007.3,1006.0,9.2,13.0,28.3,23.2,18.1,2.2
2016-07-19,28,0.0,1009.5,1004.6,11.9,13.3,23.6,20.3,17.0,4.2
2016-07-20,29,0.0,1013.5,1008.9,8.1,6.4,22.8,20.2,17.6,3.6
2016-07-21,29,0.4,1012.9,1010.3,10.3,9.0,24.3,20.8,17.2,3.3
2016-07-22,31,0.0,1017.9,1011.6,10.0,6.1,22.3,19.9,17.5,4.2
2016-07-23,36,0.0,1018.1,1015.9,11.1,14.0,22.0,19.4,16.7,4.4
2016-07-24,36,0.0,1015.9,1012.8,12.8,14.4,22.6,19.7,16.8,3.9
2016-07-25,02,0.0,1014.9,1013.4,11.1,9.7,24.2,20.9,17.6,3.9
2016-07-26,03,0.0,1016.9,1013.7,13.6,9.0,22.6,19.8,16.9,5.6
2016-07-27,01,0.0,1017.0,1015.3,12.2,10.2,20.7,18.7,16.7,5.0
2016-07-28,35,0.0,1015.3,1011.2,13.1,10.6,22.2,19.4,16.6,6.4
2016-07-29,34,0.0,1011.6,1008.5,11.7,9.1,21.4,19.0,16.5,5.8
2016-07-30,34,0.0,1012.9,1008.1,11.1,3.2,20.8,18.4,16.1,5.3
2016-07-31,36,0.0,1016.3,1012.3,10.0,10.0,22.1,19.4,16.8,4.4
2016-08-01,36,0.0,1016.5,1015.2,8.9,14.1,21.7,18.6,15.6,2.5
2016-08-02,35,0.0,1015.8,1013.6,6.7,13.1,22.5,18.8,15.2,2.5
2016-08-03,28,1.2,1013.6,1010.1,8.1,6.1,25.6,21.8,17.9,2.8
2016-08-04,28,0.0,1016.3,1007.7,11.1,6.0,24.5,21.0,17.6,3.3
2016-08-05,01,0.0,1018.4,1015.9,10.0,13.5,22.4,19.4,16.4,2.8
2016-08-06,99,0.0,1018.6,1016.7,8.9,14.0,25.9,21.4,16.8,2.5
2016-08-07,36,0.0,1018.9,1016.6,11.7,13.3,27.1,22.2,17.3,2.8
2016-08-08,35,0.0,1018.9,1016.2,11.1,12.0,24.5,20.7,16.9,3.3
2016-08-09,04,0.0,1018.6,1017.0,15.3,7.8,22.3,19.4,16.4,5.8
2016-08-10,05,0.0,1018.6,1017.0,14.4,3.5,20.7,18.6,16.5,7.5
2016-08-11,99,0.0,1017.7,1014.5,12.2,13.7,25.8,20.8,15.8,5.6
2016-08-12,13,0.0,1014.5,1013.3,5.8,13.0,30.1,23.9,17.7,1.7
2016-08-13,28,0.2,1014.0,1013.0,6.4,10.7,23.0,19.6,16.1,2.2
2016-08-14,08,0.0,1013.4,1009.1,8.3,7.5,21.9,18.9,15.9,1.7
2016-08-15,27,0.0,1009.9,1008.0,6.9,6.1,21.2,18.4,15.5,1.7
2016-08-16,28,0.2,1009.3,1008.0,9.2,10.5,23.5,20.6,17.6,4.2
2016-08-17,25,0.0,1011.9,1006.1,10.3,6.1,22.8,19.8,16.7,3.6
2016-08-18,16,7.2,1011.2,1002.9,9.7,11.9,23.4,19.2,15.0,1.9
2016-08-19,20,0.0,1011.0,1001.6,12.8,10.3,23.8,21.0,18.1,5.0
2016-08-20,28,0.0,1018.1,1010.7,7.2,12.7,23.1,19.8,16.5,3.6
2016-08-21,34,0.0,1018.2,1014.6,8.3,13.1,21.7,18.2,14.7,1.9
2016-08-22,28,0.0,1014.9,1011.4,10.3,13.2,27.3,22.0,16.6,1.7
2016-08-23,26,0.0,1014.0,1012.2,7.8,9.0,24.6,21.2,17.7,2.2
2016-08-24,24,1.6,1012.2,1007.2,6.1,4.7,24.2,20.6,17.0,2.2
2016-08-25,36,0.0,1011.5,1005.7,7.5,0.0,19.5,18.4,17.4,2.8
2016-08-26,04,0.0,1010.8,1006.9,9.2,7.9,22.0,19.4,16.9,2.5
2016-08-27,30,0.0,1013.9,1007.0,8.9,10.8,23.1,20.2,17.4,3.6
2016-08-28,31,0.0,1019.1,1013.4,6.9,10.7,22.8,20.2,17.6,2.2
2016-08-29,02,0.0,1019.1,1014.8,11.7,12.7,21.6,19.0,16.3,4.2
2016-08-30,04,0.0,1014.8,1011.2,7.5,12.2,25.2,20.6,16.0,2.2
2016-08-31,35,0.0,1016.4,1013.4,12.2,11.7,21.6,19.1,16.6,4.4
2016-09-01,35,0.0,1015.9,1013.0,9.4,12.3,25.0,20.6,16.2,1.4
2016-09-02,34,0.0,1015.1,1012.5,9.7,10.6,23.5,20.0,16.4,2.2
2016-09-03,29,0.0,1012.9,1010.8,7.8,9.1,25.5,20.8,16.1,1.9
2016-09-04,26,0.0,1015.7,1011.8,6.7,9.3,24.6,21.0,17.5,1.7
2016-09-05,28,0.0,1017.1,1014.3,6.7,4.3,21.0,18.8,16.7,2.5
2016-09-06,27,0.0,1014.3,1005.5,6.9,8.1,28.0,21.8,15.5,1.1
2016-09-07,22,2.0,1012.6,1005.6,10.3,5.8,25.3,21.0,16.6,3.9
2016-09-08,29,0.0,1014.3,1012.3,6.7,12.1,22.7,19.0,15.3,2.8
2016-09-09,26,0.0,1012.9,1010.4,10.8,10.4,23.8,18.7,13.6,3.6
2016-09-10,23,2.6,1012.3,1010.2,7.5,2.5,25.0,21.4,17.8,2.2
2016-09-11,30,0.0,1011.6,1006.0,6.9,9.6,23.7,20.4,17.2,1.7
2016-09-12,99,38.0,1006.0,1001.6,12.8,7.0,26.4,21.8,17.2,4.4
2016-09-13,29,16.6,1009.8,999.9,12.8,3.9,20.4,17.0,13.5,3.9
2016-09-14,24,8.6,1009.8,1006.8,12.8,0.0,17.6,15.2,12.8,5.0
2016-09-15,29,1.0,1014.0,1005.6,12.2,0.2,18.3,16.9,15.5,4.2
2016-09-16,35,0.2,1020.6,1014.0,7.8,8.6,20.5,18.1,15.7,3.3
2016-09-17,03,0.0,1020.2,1017.2,11.4,10.2,19.6,16.8,14.1,3.6
2016-09-18,36,0.0,1017.6,1015.7,10.3,11.6,20.4,17.1,13.8,3.9
2016-09-19,36,0.0,1016.2,1012.5,10.3,8.9,20.0,16.8,13.5,3.1
2016-09-20,04,0.0,1012.9,1009.9,11.7,5.5,18.9,17.0,15.2,5.8
2016-09-21,33,0.0,1012.7,1008.9,7.2,6.3,20.0,16.2,12.5,2.2
2016-09-22,32,0.0,1016.2,1011.8,5.8,7.2,20.7,18.0,15.2,1.9
2016-09-23,29,0.0,1017.0,1013.8,6.7,11.1,22.9,18.6,14.3,1.9
2016-09-24,21,13.0,1013.8,1007.4,14.7,4.1,21.8,18.4,15.0,3.6
2016-09-25,24,0.0,1017.6,1012.7,8.6,8.4,20.4,17.7,15.0,2.2
2016-09-26,22,0.6,1018.5,1014.6,7.2,4.3,22.2,18.0,13.8,1.9
2016-09-27,24,0.4,1022.4,1018.5,6.9,2.1,21.4,19.0,16.7,2.2
2016-09-28,01,0.0,1021.7,1016.8,6.7,11.3,22.4,18.3,14.2,1.9
2016-09-29,34,0.0,1016.8,1011.5,6.4,6.2,20.9,18.3,15.7,1.9
2016-09-30,36,0.6,1011.5,1008.7,6.9,2.7,18.1,16.7,15.3,0.8
2016-10-01,28,0.0,1010.3,1007.9,9.2,8.7,19.7,16.8,13.8,3.9
2016-10-02,35,0.0,1012.5,1009.1,5.3,11.0,19.9,15.8,11.7,1.7
2016-10-03,27,0.0,1012.3,1010.4,5.3,10.5,21.4,16.2,11.1,1.9
2016-10-04,36,0.8,1018.0,1012.2,8.1,3.5,19.4,16.2,13.1,1.9
2016-10-05,35,0.0,1016.2,1008.8,7.8,0.3,17.9,15.1,12.3,2.2
2016-10-06,35,0.0,1008.9,1004.4,6.7,9.2,20.3,16.4,12.6,1.1
2016-10-07,24,0.0,1012.5,1005.1,5.3,6.8,19.3,16.3,13.3,1.9
2016-10-08,04,0.0,1014.8,1012.0,10.0,9.7,19.1,16.0,13.0,2.8
2016-10-09,06,0.0,1014.8,1012.0,10.6,9.2,20.8,17.4,14.0,5.0
2016-10-10,28,0.0,1013.1,1008.5,5.8,10.4,21.1,16.6,12.2,1.4
2016-10-11,12,8.4,1008.5,996.9,9.4,0.1,16.9,14.6,12.2,2.8
2016-10-12,35,6.8,996.9,994.6,7.5,6.3,19.3,16.9,14.5,1.9
2016-10-13,36,0.2,1001.4,994.3,12.8,0.1,15.9,14.7,13.5,3.6
2016-10-14,23,2.4,1001.2,998.8,11.1,5.5,19.5,15.8,12.1,4.7
2016-10-15,18,0.8,1004.4,999.9,10.6,3.4,19.4,16.3,13.2,3.9
2016-10-16,22,2.2,1012.1,1004.2,9.7,6.9,20.4,17.6,14.8,3.6
2016-10-17,05,0.0,1018.9,1012.1,5.8,2.7,17.7,16.0,14.4,1.9
2016-10-18,04,0.0,1019.6,1017.1,10.0,8.8,20.2,16.8,13.4,2.5
2016-10-19,06,0.0,1017.3,1011.7,11.1,6.7,20.4,17.0,13.7,2.2
2016-10-20,06,0.0,1011.7,1007.4,11.4,9.1,19.3,16.0,12.6,3.9
2016-10-21,08,0.0,1007.4,1000.9,6.1,9.2,21.2,16.2,11.2,1.7
2016-10-22,26,18.6,1000.9,987.0,17.2,1.1,19.3,16.4,13.5,1.9
2016-10-23,14,5.2,996.6,986.8,14.4,4.2,18.7,15.6,12.4,3.6
2016-10-24,18,0.0,1006.0,996.5,8.9,7.1,21.3,16.6,11.9,2.8
2016-10-25,14,0.0,1013.6,1005.2,5.8,7.4,23.4,18.1,12.8,1.1
2016-10-26,15,0.0,1019.1,1013.6,4.4,8.1,22.5,18.4,14.2,1.7
2016-10-27,14,0.0,1018.9,1017.2,6.1,9.6,22.4,18.2,14.0,1.9
2016-10-28,17,0.0,1020.1,1017.7,4.2,9.2,24.5,19.4,14.2,1.7
2016-10-29,28,0.0,1019.2,1015.7,5.0,8.0,20.8,17.2,13.7,1.1
2016-10-30,30,0.0,1015.7,1011.4,5.3,9.3,22.5,17.6,12.8,1.4
2016-10-31,15,0.0,1011.5,1010.1,4.7,8.9,22.2,17.4,12.7,1.7
2016-11-01,16,0.0,1013.5,1010.1,5.3,1.7,21.7,18.0,14.3,1.9
2016-11-02,15,0.0,1013.2,1010.6,5.6,6.0,23.1,18.3,13.5,2.2
2016-11-03,13,0.4,1010.6,1007.4,6.1,3.1,20.8,17.6,14.3,1.4
2016-11-04,34,7.6,1008.3,1003.7,12.5,0.4,17.6,15.4,13.1,1.4
2016-11-05,34,6.8,1007.9,1003.6,12.2,6.4,14.9,12.4,9.9,3.6
2016-11-06,34,7.0,1010.1,1007.8,14.2,3.1,14.1,11.0,8.0,3.6
2016-11-07,33,7.8,1015.1,1008.7,10.3,7.0,13.6,10.0,6.4,1.4
2016-11-08,27,17.0,1015.9,1007.7,17.8,1.6,15.4,12.3,9.2,3.3
2016-11-09,28,2.1,1018.2,1010.3,13.9,2.5,15.2,13.2,11.3,4.2
2016-11-10,24,0.2,1019.3,1017.1,9.4,3.8,16.3,13.8,11.4,3.3
2016-11-11,19,0.8,1019.2,1016.0,6.9,2.6,16.6,14.2,11.7,2.8
2016-11-12,22,8.0,1018.6,1013.9,8.1,0.0,16.1,15.0,13.8,2.5
2016-11-13,06,0.0,1023.2,1018.6,9.4,2.1,15.8,14.1,12.4,3.3
2016-11-14,06,0.0,1024.2,1022.1,12.2,8.6,16.6,14.0,11.3,5.0
2016-11-15,07,0.0,1024.1,1021.0,10.3,9.1,18.0,14.4,10.7,2.5
2016-11-16,34,0.0,1021.2,1017.7,8.3,8.6,17.3,13.0,8.7,3.6
2016-11-17,24,3.6,1017.7,1008.7,9.4,0.4,16.2,13.5,10.8,2.2
2016-11-18,29,0.8,1010.6,1007.8,13.9,1.8,15.1,13.0,10.9,4.2
2016-11-19,17,22.6,1010.5,995.6,19.2,0.9,15.2,12.8,10.5,5.8
2016-11-20,26,10.6,995.6,982.8,17.8,2.7,17.0,13.7,10.4,4.4
2016-11-21,23,1.8,998.5,981.8,17.8,0.7,13.5,11.0,8.5,5.0
2016-11-22,99,2.0,1005.0,998.4,7.5,4.7,12.8,9.4,5.9,3.1
2016-11-23,02,2.0,1005.6,1003.1,10.3,6.7,12.7,10.0,7.4,4.7
2016-11-24,24,13.6,1003.1,991.5,17.2,0.0,11.5,9.8,8.0,5.8
2016-11-25,06,0.0,1001.7,998.0,9.4,8.6,14.4,10.5,6.6,4.4
2016-11-26,06,0.0,1000.5,998.0,7.5,3.5,12.6,10.1,7.6,2.5
2016-11-27,09,0.0,1005.4,1000.4,4.2,8.1,15.6,12.2,8.9,1.1
2016-11-28,06,0.0,1009.5,1005.2,8.9,8.7,16.6,12.4,8.3,2.2
2016-11-29,12,0.0,1014.7,1009.4,5.3,8.6,15.2,11.5,7.8,1.7
2016-11-30,13,0.0,1016.0,1013.9,8.6,7.0,18.2,13.6,8.9,2.2
2016-12-01,18,0.0,1015.8,1013.4,6.7,1.7,18.0,15.0,12.1,2.2
2016-12-02,15,0.0,1013.4,1005.0,5.6,8.5,16.4,13.0,9.6,1.4
2016-12-03,13,0.1,1005.0,996.1,6.7,6.0,17.6,13.6,9.6,2.5
2016-12-04,15,0.0,1004.9,996.6,6.7,8.1,19.8,16.4,12.9,2.2
2016-12-05,14,0.0,1015.1,1004.8,4.7,6.9,20.6,16.4,12.1,1.9
2016-12-06,14,0.0,1018.4,1013.8,6.7,7.3,21.2,16.6,12.0,2.2
2016-12-07,18,0.0,1020.1,1017.1,7.8,5.6,19.0,16.0,12.9,2.5
2016-12-08,14,0.0,1020.6,1018.5,8.3,5.1,19.6,16.1,12.6,2.8
2016-12-09,16,0.0,1020.4,1018.1,11.1,7.7,19.4,15.4,11.4,2.8
2016-12-10,18,0.0,1018.5,1015.5,12.5,5.5,18.6,15.5,12.4,3.3
2016-12-11,18,0.0,1019.5,1017.4,7.8,5.7,18.5,15.6,12.7,3.1
2016-12-12,16,0.0,1018.1,1015.1,5.6,5.2,18.4,14.8,11.2,1.1
2016-12-13,19,12.0,1015.1,1006.9,14.2,6.7,18.5,14.6,10.6,3.9
2016-12-14,17,0.0,1014.8,1005.1,15.0,4.2,15.4,13.2,11.1,4.2
2016-12-15,18,3.4,1014.7,1003.9,13.6,0.0,12.1,10.7,9.3,3.9
2016-12-16,34,1.8,1021.8,1006.9,14.7,2.8,13.3,11.9,10.5,6.1
2016-12-17,99,0.0,1026.6,1021.8,8.3,8.2,14.8,11.3,7.8,2.5
2016-12-18,08,0.0,1024.9,1017.4,9.4,8.0,14.8,11.6,8.4,2.8
2016-12-19,05,0.6,1017.4,1014.3,10.6,6.1,13.3,9.2,5.0,4.7
2016-12-20,35,3.0,1020.4,1014.3,9.2,0.2,12.7,11.4,10.1,1.4
2016-12-21,18,2.0,1023.4,1020.3,5.3,0.0,13.6,11.8,9.9,2.2
2016-12-22,26,0.0,1028.6,1022.9,9.7,1.3,15.7,14.0,12.3,3.9
2016-12-23,24,0.2,1030.5,1027.9,7.8,0.0,15.1,14.0,13.0,2.2
2016-12-24,22,0.0,1031.9,1029.8,6.1,0.9,15.9,14.3,12.7,1.1
2016-12-25,99,0.0,1029.8,1024.9,4.4,7.4,16.1,12.5,8.9,1.4
2016-12-26,06,0.0,1026.8,1023.6,7.8,1.8,14.2,11.8,9.4,3.3
2016-12-27,14,0.0,1025.6,1023.0,5.3,8.1,14.3,10.2,6.1,1.7
2016-12-28,16,0.1,1027.5,1025.2,4.2,8.3,14.4,9.8,5.1,1.4
2016-12-29,16,0.0,1026.8,1025.4,4.2,8.4,14.2,9.5,4.8,1.7
2016-12-30,15,0.0,1026.5,1023.9,5.8,8.4,14.3,9.4,4.5,1.1
2016-12-31,15,0.0,1023.9,1020.8,4.7,8.0,13.3,8.8,4.3,1.7
2017-01-01,18,0.0,1020.8,1005.8,11.7,0.0,11.4,8.4,5.4,1.4
2017-01-02,12,0.8,1011.4,1005.3,8.9,2.5,15.5,12.8,10.0,3.3
2017-01-03,99,1.8,1018.4,1010.9,8.6,0.3,13.9,12.9,11.9,1.9
2017-01-04,16,0.0,1020.0,1017.9,5.0,2.9,17.6,15.0,12.3,1.4
2017-01-05,08,0.0,1020.5,1019.1,5.0,8.1,17.5,13.3,9.1,1.4
2017-01-06,08,0.0,1022.3,1019.7,5.3,8.4,14.6,10.6,6.5,1.7
2017-01-07,14,0.0,1023.7,1021.8,4.4,8.6,13.4,8.8,4.1,1.1
2017-01-08,16,0.0,1024.1,1022.0,5.3,8.6,14.2,9.6,4.9,1.4
2017-01-09,32,1.4,1022.8,1020.1,7.2,5.0,13.4,9.4,5.3,1.1
2017-01-10,36,2.2,1020.7,1018.3,11.4,0.1,12.3,11.5,10.7,3.3
2017-01-11,99,0.8,1021.7,1019.5,6.4,0.1,13.8,12.8,11.7,1.7
2017-01-12,28,2.6,1020.6,1014.8,21.4,0.0,13.9,11.8,9.6,4.2
2017-01-13,30,4.0,1024.0,1020.5,15.3,3.8,11.0,8.8,6.6,4.4
2017-01-14,99,3.8,1026.5,1023.7,8.9,5.8,11.8,8.8,5.7,1.9
2017-01-15,05,1.0,1027.8,1025.9,9.7,3.8,11.5,9.6,7.7,1.9
2017-01-16,03,0.4,1026.5,1021.7,8.3,0.7,12.3,10.4,8.6,2.5
2017-01-17,06,0.0,1021.8,1018.1,12.8,6.9,14.4,10.8,7.1,4.7
2017-01-18,06,0.0,1019.5,1017.0,16.4,8.0,9.7,7.8,5.8,5.8
2017-01-19,05,0.0,1018.0,1014.0,11.4,0.0,8.1,6.0,4.0,4.4
2017-01-20,06,0.0,1015.0,1012.2,9.2,8.8,11.3,6.8,2.2,2.5
2017-01-21,16,0.0,1014.9,1012.5,7.5,7.6,13.4,8.0,2.6,2.2
2017-01-22,01,0.0,1016.8,1013.9,6.4,8.6,12.5,8.3,4.1,1.9
2017-01-23,02,0.0,1018.7,1016.4,7.8,8.4,12.5,8.2,3.8,2.5
2017-01-24,16,0.0,1019.8,1016.8,6.1,9.0,12.9,8.2,3.5,1.9
2017-01-25,20,1.4,1016.8,1005.6,7.8,8.0,14.4,9.3,4.2,1.9
2017-01-26,16,0.4,1005.6,994.7,16.1,2.0,13.9,11.2,8.6,2.8
2017-01-27,30,16.6,1008.8,993.3,15.6,1.3,11.3,9.7,8.1,5.3
2017-01-28,22,0.0,1014.0,1008.7,10.8,2.7,13.3,10.6,7.8,3.6
2017-01-29,18,0.6,1012.5,1007.5,17.2,0.5,16.6,14.4,12.3,3.6
2017-01-30,20,0.0,1011.3,1002.2,19.7,0.5,16.2,14.6,13.1,5.0
2017-01-31,19,12.0,1006.0,1001.4,16.4,0.0,13.3,12.0,10.8,2.2
2017-02-01,18,1.2,1005.7,992.3,21.4,2.6,14.5,12.7,10.9,4.4
2017-02-02,23,24.0,1001.7,989.8,24.2,1.8,15.6,11.8,8.1,7.2
2017-02-03,26,20.4,1001.4,988.9,29.2,0.8,15.4,12.4,9.4,10.3
2017-02-04,26,17.0,1002.2,994.7,23.6,0.0,14.8,11.6,8.5,5.8
2017-02-05,24,0.2,1019.5,998.9,24.7,2.2,13.5,11.0,8.4,6.9
2017-02-06,21,6.0,1017.9,1013.5,13.9,0.1,15.7,13.4,11.1,5.8
2017-02-07,28,1.2,1025.2,1015.9,15.0,4.9,12.9,11.2,9.4,5.6
2017-02-08,32,0.0,1025.6,1017.4,8.3,1.6,11.4,8.2,5.1,1.4
2017-02-09,17,0.6,1017.4,996.9,15.6,1.9,13.4,10.0,6.6,3.1
2017-02-10,12,0.0,1005.9,997.3,13.6,6.0,13.5,10.2,6.9,3.3
2017-02-11,06,0.0,1006.7,1000.3,14.7,0.8,10.7,9.1,7.5,6.9
2017-02-12,06,4.6,1000.3,985.7,12.2,0.1,11.9,9.8,7.8,3.3
2017-02-13,21,5.6,1004.3,986.6,11.4,2.8,14.5,11.4,8.4,2.5
2017-02-14,18,19.2,1015.5,1003.6,13.3,3.6,14.3,11.4,8.4,2.5
2017-02-15,15,0.6,1022.5,1015.5,5.3,0.0,16.3,13.4,10.4,1.7
2017-02-16,26,0.0,1022.2,1020.4,5.8,9.5,21.1,16.0,11.0,1.9
2017-02-17,32,3.2,1020.7,1016.9,5.3,8.8,19.2,14.2,9.2,1.7
2017-02-18,29,4.2,1017.3,1013.9,7.8,2.7,12.9,11.0,9.1,3.1
2017-02-19,36,0.0,1022.3,1017.3,11.1,9.4,14.3,11.4,8.4,3.9
2017-02-20,36,0.0,1022.0,1018.8,10.8,9.8,14.6,11.8,9.0,3.3
2017-02-21,35,0.0,1020.1,1014.4,9.2,10.1,15.6,13.4,11.1,3.9
2017-02-22,24,0.0,1015.4,1010.4,7.2,10.2,16.5,12.4,8.2,1.9
2017-02-23,03,0.4,1012.5,1009.5,10.8,2.1,14.1,12.1,10.1,1.7
2017-02-24,02,0.0,1014.6,1012.3,11.1,8.9,14.5,11.6,8.8,5.3
2017-02-25,28,0.0,1014.5,1010.3,11.4,10.3,15.6,11.4,7.3,3.6
2017-02-26,28,1.7,1014.3,1009.1,10.6,0.7,14.5,12.6,10.8,3.3
2017-02-27,22,9.2,1009.1,1004.3,19.2,2.8,14.2,12.0,9.8,6.4
2017-02-28,23,6.4,1010.8,1003.2,18.3,3.3,13.0,11.5,10.0,4.7
2017-03-01,22,22.2,1010.6,1008.5,16.4,1.7,15.9,13.6,11.2,5.0
2017-03-02,22,10.0,1010.3,999.8,15.3,1.2,15.7,13.8,11.8,4.2
2017-03-03,27,15.6,999.8,992.5,15.8,0.9,12.6,9.8,6.9,5.0
2017-03-04,22,1.2,1000.8,996.1,17.5,5.7,13.4,10.0,6.6,5.0
2017-03-05,21,5.0,1011.2,999.8,17.2,0.0,15.9,14.2,12.6,4.4
2017-03-06,24,0.4,1022.0,1010.9,18.9,7.9,15.6,13.4,11.2,3.3
2017-03-07,26,0.6,1022.4,1020.0,9.4,0.2,16.2,14.4,12.6,3.6
2017-03-08,99,0.0,1021.7,1018.7,6.7,3.7,15.9,13.0,10.2,1.9
2017-03-09,16,0.0,1018.8,1014.7,5.0,11.0,21.7,14.6,7.5,1.4
2017-03-10,99,0.0,1014.7,1009.6,9.4,10.9,27.6,19.6,11.5,3.1
2017-03-11,22,1.8,1017.6,1008.9,16.4,1.2,16.9,14.0,11.0,5.3
2017-03-12,32,5.4,1024.1,1015.1,17.5,4.3,13.4,11.4,9.4,6.7
2017-03-13,36,0.0,1026.4,1023.1,13.3,6.8,14.7,12.4,10.1,5.6
2017-03-14,99,0.0,1025.7,1020.7,13.9,10.4,17.1,13.7,10.3,5.6
2017-03-15,08,0.0,1020.9,1012.4,5.3,10.8,19.2,14.2,9.3,2.2
2017-03-16,35,0.0,1014.8,1010.8,8.6,9.3,22.1,16.4,10.8,2.5
2017-03-17,35,0.0,1017.2,1014.2,12.8,10.9,16.9,13.7,10.5,4.4
2017-03-18,36,0.0,1017.9,1015.2,11.9,11.1,15.0,11.5,8.0,4.7
2017-03-19,34,0.0,1016.2,1012.2,9.7,7.2,13.8,11.2,8.7,3.6
2017-03-20,28,12.0,1012.5,1010.5,12.2,2.1,15.9,13.2,10.6,2.5
2017-03-21,24,10.2,1014.8,1006.9,13.6,8.2,14.1,11.6,9.1,3.1
2017-03-22,24,16.0,1007.1,1002.3,17.8,2.1,9.6,6.8,4.1,7.5
2017-03-23,35,14.0,1006.8,1002.2,17.5,0.5,9.9,7.1,4.3,5.6
2017-03-24,08,0.2,1009.8,1005.1,11.7,6.4,12.6,9.0,5.5,3.6
2017-03-25,04,4.6,1009.8,1001.0,6.9,0.0,11.7,9.6,7.5,1.7
2017-03-26,16,1.2,1001.2,998.3,12.8,4.2,15.5,11.4,7.4,4.4
2017-03-27,22,0.0,1013.3,999.8,17.2,5.3,16.3,13.0,9.6,4.4
2017-03-28,19,0.0,1017.2,1013.1,13.6,5.4,19.0,15.3,11.6,3.9
2017-03-29,22,0.0,1016.5,1013.7,15.6,9.5,21.2,17.6,13.9,3.9
2017-03-30,25,5.8,1014.2,1006.7,20.6,2.6,22.1,17.2,12.3,5.3
2017-03-31,28,4.2,1013.8,1009.8,15.8,6.6,16.3,13.6,10.9,5.3
2017-04-01,27,0.0,1019.0,1013.6,15.6,5.8,15.7,13.2,10.7,5.0
2017-04-02,36,0.0,1019.1,1015.9,11.4,9.4,15.6,12.8,9.9,3.1
2017-04-03,28,0.0,1021.1,1015.0,7.8,11.9,17.5,12.5,7.5,3.1
2017-04-04,36,0.0,1021.8,1019.7,13.1,11.3,15.4,12.6,9.7,6.1
2017-04-05,05,0.0,1020.5,1016.0,13.9,10.3,17.8,14.3,10.8,7.2
2017-04-06,06,0.0,1016.9,1012.0,10.6,12.5,21.5,15.9,10.3,2.5
2017-04-07,09,0.0,1012.3,1008.9,5.8,12.7,21.1,15.8,10.6,1.9
2017-04-08,30,0.0,1011.7,1008.7,7.8,7.9,19.9,15.8,11.7,1.9
2017-04-09,36,0.0,1014.3,1010.9,6.1,10.1,20.0,15.0,10.0,1.7
2017-04-10,02,0.0,1017.4,1013.9,7.2,12.1,20.7,16.3,11.9,3.1
2017-04-11,03,0.0,1017.4,1013.3,7.2,12.4,17.8,14.0,10.3,2.5
2017-04-12,32,0.0,1014.1,1010.8,5.3,12.4,19.7,15.0,10.2,2.8
2017-04-13,28,0.0,1013.4,1010.0,10.0,9.4,17.5,13.7,9.9,1.7
2017-04-14,29,0.0,1016.2,1012.4,9.2,4.6,18.0,15.0,12.0,3.3
2017-04-15,03,0.0,1018.2,1015.5,12.2,5.7,15.4,13.2,10.9,3.6
2017-04-16,07,0.0,1016.5,1010.5,6.7,11.2,21.1,15.4,9.6,2.5
2017-04-17,14,0.0,1012.1,1010.2,5.3,12.5,19.5,15.6,11.7,2.2
2017-04-18,06,0.0,1011.9,1009.3,11.4,6.4,19.4,15.6,11.7,3.9
2017-04-19,06,0.0,1011.4,1008.7,17.5,12.9,20.3,16.2,12.2,8.3
2017-04-20,08,0.0,1011.8,1009.5,13.6,12.6,18.8,15.2,11.7,6.1
2017-04-21,07,0.0,1013.9,1011.2,6.4,12.7,20.2,15.3,10.4,1.9
2017-04-22,28,0.0,1013.1,1010.7,6.4,12.2,22.4,17.1,11.8,2.8
2017-04-23,28,0.0,1011.3,1007.5,5.6,12.4,20.5,15.4,10.4,1.9
2017-04-24,99,0.0,1007.6,1005.6,7.2,7.4,21.5,16.5,11.5,2.8
2017-04-25,02,0.8,1009.6,1003.9,13.1,0.1,15.8,12.5,9.2,4.2
2017-04-26,99,0.2,1011.6,1008.9,15.3,11.8,16.0,12.0,8.0,5.8
2017-04-27,05,0.0,1013.5,1011.2,14.4,12.4,14.8,10.6,6.4,5.8
2017-04-28,06,0.0,1012.7,1004.5,13.6,13.4,17.0,12.6,8.1,5.6
2017-04-29,19,7.6,1004.5,994.7,16.9,7.7,20.2,13.7,7.2,4.7
2017-04-30,29,6.8,1010.7,992.3,18.6,7.7,13.2,10.2,7.1,7.8
2017-05-01,22,0.0,1014.8,1010.7,12.5,0.8,16.7,13.0,9.2,4.7
2017-05-02,35,0.0,1014.6,1010.1,7.5,12.6,17.6,14.3,11.0,2.8
2017-05-03,34,0.0,1010.1,1002.4,5.8,12.0,21.6,16.0,10.5,1.7
2017-05-04,24,2.0,1002.4,995.9,13.3,4.2,23.8,18.6,13.3,2.8
2017-05-05,22,3.2,1001.4,993.8,15.0,3.7,19.6,16.3,13.0,3.3
2017-05-06,22,0.0,1012.6,1001.4,12.2,10.2,21.4,17.0,12.7,3.9
2017-05-07,34,0.0,1014.2,1010.6,8.3,11.0,23.4,19.2,14.9,2.2
2017-05-08,13,0.0,1010.6,1004.1,6.4,9.9,24.6,20.1,15.6,2.8
2017-05-09,27,3.0,1004.1,996.6,10.0,3.8,22.0,18.0,13.9,1.9
2017-05-10,17,13.2,996.6,985.7,12.5,3.0,20.0,16.5,13.0,2.2
2017-05-11,22,0.6,990.1,983.4,15.6,6.3,20.0,16.0,12.0,5.6
2017-05-12,27,5.4,1003.6,990.0,10.0,4.3,17.9,15.6,13.2,3.6
2017-05-13,22,6.8,1011.2,1002.8,15.6,4.8,19.5,15.8,12.0,4.7
2017-05-14,20,0.0,1017.0,1011.0,13.9,6.9,22.1,17.8,13.4,5.3
2017-05-15,17,0.0,1018.7,1016.4,8.3,6.8,25.6,21.4,17.3,1.9
2017-05-16,30,2.0,1017.8,1015.1,8.6,8.9,24.2,19.6,14.9,2.2
2017-05-17,34,1.6,1015.2,1012.8,11.4,1.8,17.6,15.2,12.8,2.8
2017-05-18,99,1.4,1015.9,1013.4,10.8,9.4,16.9,14.3,11.7,4.7
2017-05-19,28,0.0,1018.0,1014.9,11.4,6.1,17.5,14.6,11.7,5.3
2017-05-20,01,0.0,1017.5,1010.0,10.0,12.8,17.5,15.1,12.7,3.6
2017-05-21,26,0.0,1010.0,1002.4,11.9,4.9,27.1,20.6,14.0,3.6
2017-05-22,36,0.0,1014.3,1008.1,9.7,12.1,18.5,16.1,13.7,3.6
2017-05-23,06,0.0,1014.3,1009.7,6.1,14.1,25.5,18.9,12.3,2.8
2017-05-24,28,0.0,1010.1,1006.2,7.2,13.9,28.1,22.0,15.8,2.8
2017-05-25,21,5.2,1006.4,1004.0,8.9,7.9,27.3,21.5,15.7,1.9
2017-05-26,06,11.2,1008.2,1003.5,11.7,2.2,19.0,17.0,14.9,2.5
2017-05-27,29,0.8,1007.7,1005.1,6.4,3.7,20.2,17.8,15.5,2.2
2017-05-28,26,4.4,1008.3,1005.7,7.2,2.9,20.2,18.0,15.8,1.1
2017-05-29,30,0.0,1011.4,1006.5,6.7,3.2,19.6,17.7,15.8,2.5
2017-05-30,36,0.0,1012.7,1010.5,6.7,9.7,19.9,17.8,15.7,2.2
2017-05-31,28,0.0,1012.3,1011.2,6.9,10.4,21.1,18.2,15.2,2.2
2017-06-01,33,0.0,1012.8,1011.3,6.9,5.4,19.9,17.6,15.3,2.5
2017-06-02,34,0.4,1014.4,1011.2,10.0,3.7,20.9,17.8,14.6,3.6
2017-06-03,34,0.0,1016.2,1013.5,10.0,11.0,18.3,16.4,14.6,3.9
2017-06-04,27,0.0,1015.5,1014.4,6.9,12.8,18.9,16.2,13.5,2.5
2017-06-05,26,3.4,1014.4,1005.9,15.8,4.4,21.1,17.0,12.8,5.8
2017-06-06,30,0.2,1016.1,1009.7,8.1,12.6,18.9,16.6,14.3,3.6
2017-06-07,31,0.0,1015.8,1009.6,7.5,14.1,19.4,15.7,12.0,2.5
2017-06-08,30,0.6,1009.6,1006.5,8.3,4.5,22.0,17.8,13.7,3.1
2017-06-09,30,0.0,1011.1,1008.2,7.2,13.3,21.4,18.4,15.5,2.8
2017-06-10,28,0.0,1012.1,1009.9,8.6,10.9,23.6,19.5,15.4,3.9
2017-06-11,36,0.8,1015.4,1011.2,10.0,1.5,19.4,17.8,16.3,3.6
2017-06-12,36,0.0,1014.8,1006.6,10.8,9.9,21.5,18.8,16.1,5.6
2017-06-13,25,0.0,1008.1,1003.3,8.3,4.3,23.3,19.6,16.0,3.1
2017-06-14,34,0.0,1012.5,1006.6,7.2,0.1,19.1,17.4,15.6,3.3
2017-06-15,99,0.0,1015.9,1012.1,11.1,13.7,20.2,17.4,14.6,4.2
2017-06-16,06,0.0,1015.2,1011.4,11.1,14.3,26.1,21.0,15.8,3.1
2017-06-17,27,0.0,1012.2,1006.5,5.3,14.3,29.9,23.6,17.4,1.9
2017-06-18,25,0.0,1006.6,1004.4,7.8,14.0,29.5,24.3,19.1,1.4
2017-06-19,28,0.0,1008.5,1004.7,6.9,10.4,26.1,20.8,15.6,1.1
2017-06-20,29,0.0,1008.5,1006.1,6.1,12.7,27.3,22.2,17.1,2.2
2017-06-21,28,0.4,1010.8,1005.5,6.4,0.9,23.0,20.2,17.3,1.7
2017-06-22,99,0.0,1016.0,1010.2,5.8,2.4,22.5,20.0,17.4,2.2
2017-06-23,34,0.0,1017.9,1015.3,7.5,12.7,21.7,19.0,16.4,2.8
2017-06-24,35,0.0,1017.4,1013.4,7.2,13.7,21.7,18.7,15.7,2.2
2017-06-25,35,0.0,1013.4,1004.4,11.4,13.3,23.2,19.1,15.0,4.4
2017-06-26,26,0.0,1006.5,1004.2,9.4,0.7,19.8,18.4,17.1,2.8
2017-06-27,24,8.0,1005.0,1000.6,13.6,3.3,22.2,19.5,16.8,3.3
2017-06-28,23,6.6,1008.3,998.8,15.8,4.2,19.4,16.6,13.9,6.4
2017-06-29,28,7.2,1010.8,1006.1,16.1,5.1,19.0,16.4,13.7,6.7
2017-06-30,27,0.8,1020.3,1010.6,13.3,7.5,18.6,16.2,13.8,4.2
2017-07-01,27,0.0,1021.8,1019.6,7.8,6.4,20.2,17.5,14.8,3.1
2017-07-02,34,0.0,1021.5,1017.4,13.1,11.7,20.7,18.3,15.9,4.4
2017-07-03,99,0.0,1017.4,1008.8,6.4,14.7,26.0,20.8,15.7,1.9
2017-07-04,27,0.0,1008.8,1003.0,10.3,11.7,31.9,24.7,17.5,4.7
2017-07-05,27,0.0,1009.2,1005.4,10.3,4.0,21.7,19.4,17.2,2.5
2017-07-06,32,0.0,1011.4,1007.7,6.4,5.0,21.7,19.1,16.5,2.8
2017-07-07,36,0.0,1012.9,1010.6,8.1,0.0,20.2,18.8,17.3,1.9
2017-07-08,35,0.0,1012.7,1010.9,9.7,6.0,20.1,18.4,16.7,4.4
2017-07-09,28,0.8,1010.9,1009.4,8.3,4.9,21.8,19.2,16.7,2.5
2017-07-10,32,0.0,1012.2,1010.0,7.2,6.4,20.6,18.1,15.6,2.8
2017-07-11,28,1.6,1011.9,1009.8,11.9,6.1,24.5,19.5,14.5,3.9
2017-07-12,26,0.0,1015.8,1011.8,6.9,6.8,21.1,19.2,17.2,2.8
2017-07-13,35,0.0,1016.7,1014.9,11.7,4.4,20.4,18.8,17.2,5.0
2017-07-14,06,0.0,1015.6,1013.4,13.6,11.9,24.4,21.1,17.8,5.8
2017-07-15,04,0.0,1013.9,1011.1,12.5,14.6,25.4,21.5,17.6,5.3
2017-07-16,06,0.0,1012.0,1008.1,8.3,14.3,27.6,22.4,17.2,3.1
2017-07-17,26,0.0,1008.8,1004.2,10.0,12.5,25.7,21.8,17.9,2.8
2017-07-18,21,0.0,1005.0,1003.2,13.1,5.3,25.1,21.1,17.1,4.2
2017-07-19,28,2.0,1011.7,1003.7,11.7,4.1,22.1,19.2,16.3,4.2
2017-07-20,34,0.0,1012.5,1010.2,6.9,11.9,21.1,18.4,15.7,3.1
2017-07-21,28,1.4,1010.2,1007.0,13.6,7.9,23.0,19.2,15.4,4.2
2017-07-22,28,0.0,1014.9,1007.4,9.7,10.6,22.0,19.2,16.3,4.4
2017-07-23,99,1.6,1017.0,1014.2,9.7,1.4,23.5,19.8,16.1,2.8
2017-07-24,36,0.2,1019.2,1016.7,6.7,4.7,21.3,18.9,16.5,2.8
2017-07-25,34,0.0,1017.8,1012.8,8.3,10.4,21.7,19.2,16.8,3.3
2017-07-26,27,0.0,1012.8,1009.8,8.1,10.9,23.3,20.2,17.2,3.1
2017-07-27,26,5.2,1011.1,1008.7,6.7,0.0,21.9,20.0,18.0,2.2
2017-07-28,23,0.0,1011.3,1009.5,6.9,8.6,24.8,20.8,16.9,2.5
2017-07-29,23,0.2,1009.6,1007.4,18.3,5.3,27.7,22.8,17.9,5.6
2017-07-30,29,0.0,1009.6,1008.0,11.4,5.8,22.6,20.0,17.4,4.4
2017-07-31,33,0.0,1008.8,1006.5,7.2,11.8,21.9,19.4,16.8,2.5
2017-08-01,34,0.0,1013.0,1008.3,6.7,13.7,22.0,18.6,15.1,2.2
2017-08-02,21,0.6,1012.7,1009.8,11.9,9.5,28.1,22.2,16.4,4.4
2017-08-03,19,0.0,1013.0,1010.3,9.2,9.9,24.5,21.4,18.4,2.5
2017-08-04,22,4.6,1013.8,1009.7,10.0,0.0,25.4,21.0,16.5,2.8
2017-08-05,36,0.0,1017.2,1013.8,13.6,8.8,20.0,18.2,16.4,5.0
2017-08-06,05,0.0,1016.8,1011.1,12.5,9.5,23.3,20.1,16.9,6.1
2017-08-07,02,0.6,1013.6,1008.9,13.1,4.2,19.8,18.0,16.2,4.7
2017-08-08,29,5.2,1015.4,1013.0,8.9,10.7,22.2,19.0,15.9,3.3
2017-08-09,29,0.0,1020.9,1014.6,10.8,12.3,20.3,17.6,14.9,5.0
2017-08-10,36,0.0,1021.4,1019.4,14.2,13.6,20.5,17.9,15.3,5.3
2017-08-11,36,0.0,1019.5,1015.9,13.1,13.4,21.4,18.0,14.5,5.0
2017-08-12,35,0.0,1016.6,1013.8,14.2,12.8,21.1,17.7,14.3,5.0
2017-08-13,02,0.0,1013.8,1006.0,8.6,12.6,24.6,20.0,15.5,1.7
2017-08-14,28,0.2,1011.2,1004.5,10.6,5.2,24.2,21.0,17.7,2.8
2017-08-15,29,0.2,1015.3,1010.6,6.7,6.2,21.9,19.3,16.7,2.5
2017-08-16,29,0.0,1015.4,1014.0,11.9,12.1,24.7,20.0,15.3,4.4
2017-08-17,27,4.6,1014.2,1012.1,10.3,8.9,25.2,22.7,20.2,4.4
2017-08-18,36,0.0,1016.1,1011.5,10.0,9.7,24.2,20.7,17.2,3.9
2017-08-19,36,0.0,1016.8,1014.8,11.7,12.5,22.4,19.6,16.8,4.7
2017-08-20,35,0.0,1016.0,1009.7,7.5,13.1,24.4,20.5,16.6,2.2
2017-08-21,27,0.0,1009.8,1005.2,8.3,12.3,33.2,25.5,17.8,2.2
2017-08-22,28,0.0,1011.8,1007.9,7.2,10.1,23.3,20.6,17.8,2.5
2017-08-23,34,0.4,1011.1,1009.9,10.3,1.9,21.9,19.6,17.4,2.8
2017-08-24,24,0.0,1010.5,1009.3,8.6,5.7,22.7,19.7,16.7,2.8
2017-08-25,30,0.0,1009.8,1006.9,6.1,9.1,23.2,20.1,17.0,2.5
2017-08-26,35,0.1,1007.0,1003.9,7.5,6.9,23.5,20.6,17.8,3.1
2017-08-27,27,9.4,1006.5,1003.5,10.3,7.0,23.0,19.7,16.4,2.8
2017-08-28,06,0.0,1008.0,1005.2,6.7,7.8,23.0,20.0,16.9,2.8
2017-08-29,36,3.0,1009.2,1006.3,9.4,0.0,19.9,18.6,17.4,3.3
2017-08-30,36,0.4,1013.9,1007.5,9.2,0.0,18.6,17.2,15.9,2.5
2017-08-31,01,0.0,1017.1,1013.6,10.0,9.6,20.5,17.8,15.0,3.6
2017-09-01,02,0.0,1019.2,1016.4,10.3,11.6,21.5,17.4,13.4,3.3
2017-09-02,35,0.0,1018.8,1012.1,6.7,10.3,22.5,18.0,13.4,1.9
2017-09-03,22,2.4,1012.5,1006.5,13.1,2.2,22.9,19.4,15.8,4.4
2017-09-04,24,0.2,1013.9,1007.9,7.8,3.0,22.5,20.2,17.9,2.2
2017-09-05,99,0.6,1020.3,1013.3,8.3,3.3,23.5,20.3,17.1,3.6
2017-09-06,99,0.0,1020.7,1017.4,11.9,11.3,20.7,18.1,15.5,4.4
2017-09-07,36,0.0,1017.8,1013.0,9.4,9.2,19.8,17.2,14.7,3.6
2017-09-08,25,1.3,1013.0,1007.0,12.8,6.2,23.2,18.0,12.8,2.5
2017-09-09,32,2.4,1010.0,1006.6,10.0,6.9,20.4,18.2,15.9,3.6
2017-09-10,24,2.3,1011.4,1008.8,10.0,3.2,20.2,17.8,15.3,3.3
2017-09-11,27,2.0,1012.0,1008.8,11.4,7.8,22.0,19.0,16.1,4.2
2017-09-12,27,0.0,1015.2,1010.0,10.8,7.2,23.6,20.0,16.5,3.6
2017-09-13,26,6.2,1015.4,1013.8,9.2,0.8,22.6,20.6,18.6,3.1
2017-09-14,30,3.6,1018.9,1013.6,11.7,10.5,19.5,17.2,15.0,4.2
2017-09-15,35,0.8,1015.7,1012.7,10.3,9.6,19.0,16.2,13.5,2.8
2017-09-16,08,0.0,1013.0,1011.1,6.7,8.2,19.4,15.7,12.0,2.2
2017-09-17,22,6.6,1013.1,1009.2,11.1,5.1,20.2,17.2,14.1,3.6
2017-09-18,22,0.6,1017.3,1009.1,11.1,4.4,21.7,18.8,15.9,3.6
2017-09-19,31,0.0,1018.0,1015.6,5.8,10.1,20.6,17.7,14.8,1.9
2017-09-20,30,2.4,1015.6,1009.9,5.8,11.0,21.5,17.2,12.9,1.1
2017-09-21,99,6.8,1015.3,1008.9,8.6,2.8,18.0,16.4,14.7,3.9
2017-09-22,36,0.0,1015.2,1010.0,10.0,10.5,19.8,17.4,14.9,3.9
2017-09-23,28,0.0,1012.1,1007.8,9.2,8.6,21.7,17.6,13.6,2.8
2017-09-24,23,2.8,1014.1,1010.3,10.0,1.6,19.9,17.8,15.6,3.1
2017-09-25,25,0.0,1016.8,1013.8,6.7,8.2,20.3,17.8,15.4,2.5
2017-09-26,28,0.0,1015.9,1010.8,6.7,11.1,21.8,17.1,12.4,1.7
2017-09-27,22,0.0,1013.0,1009.9,10.0,4.4,24.9,21.0,17.2,3.3
2017-09-28,24,0.0,1014.1,1012.0,10.3,6.8,25.4,21.6,17.9,2.5
2017-09-29,30,1.0,1017.0,1012.8,9.4,0.9,21.4,18.0,14.6,2.2
2017-09-30,28,1.0,1017.1,1015.3,6.9,4.6,20.8,17.6,14.3,1.7
2017-10-01,99,0.0,1018.5,1015.9,8.3,8.7,21.9,19.9,17.9,3.9
2017-10-02,33,1.0,1018.9,1016.7,6.7,4.0,23.3,20.4,17.6,2.2
2017-10-03,01,0.0,1017.0,1014.3,8.1,10.3,21.9,19.4,16.8,2.8
2017-10-04,05,0.0,1014.9,1012.4,8.3,10.6,24.1,19.6,15.1,2.2
2017-10-05,35,0.0,1016.7,1014.5,10.0,9.7,21.1,18.6,16.0,3.9
2017-10-06,05,0.0,1017.1,1014.5,10.6,10.9,23.1,19.2,15.4,4.2
2017-10-07,99,0.0,1015.3,1011.7,4.2,10.8,23.1,18.5,13.9,1.7
2017-10-08,36,0.0,1014.0,1012.1,4.7,10.6,21.5,17.0,12.4,2.2
2017-10-09,35,0.0,1014.4,1012.3,4.4,10.5,20.9,16.2,11.4,1.7
2017-10-10,15,0.0,1013.1,1010.5,4.2,10.6,21.2,16.4,11.5,1.4
2017-10-11,29,0.0,1016.6,1011.5,9.7,9.6,21.4,17.7,14.0,3.6
2017-10-12,29,0.0,1016.6,1015.1,5.3,10.0,19.6,15.7,11.8,1.9
2017-10-13,33,0.0,1018.2,1016.1,5.3,8.2,20.8,17.2,13.6,2.2
2017-10-14,15,0.0,1016.2,1010.5,5.0,10.1,21.9,16.8,11.8,1.4
2017-10-15,20,0.4,1010.5,1004.0,18.1,2.6,31.0,25.6,20.1,5.0
2017-10-16,17,4.8,1015.1,1006.0,17.8,0.0,23.2,18.7,14.2,2.8
2017-10-17,16,3.0,1011.2,1003.5,12.5,5.6,20.9,17.4,13.8,4.4
2017-10-18,28,0.0,1004.5,1002.2,9.7,8.5,18.7,16.0,13.4,3.1
2017-10-19,21,2.2,1007.4,1001.4,11.4,0.5,19.6,16.4,13.2,3.9
2017-10-20,22,6.2,1012.5,1006.0,17.2,6.3,22.9,18.6,14.4,4.4
2017-10-21,23,0.8,1022.8,1012.5,13.9,7.8,18.2,15.7,13.2,4.2
2017-10-22,31,0.0,1023.4,1019.9,4.4,5.5,17.4,14.2,11.1,1.4
2017-10-23,17,0.0,1020.1,1015.9,3.9,9.9,19.5,14.3,9.1,2.2
2017-10-24,19,0.0,1015.9,1013.6,6.4,9.6,26.1,18.6,11.0,1.7
2017-10-25,22,0.0,1014.7,1011.9,9.4,10.0,26.6,19.6,12.5,3.3
2017-10-26,18,0.0,1021.2,1014.5,8.6,8.6,23.7,19.4,15.2,1.1
2017-10-27,15,0.0,1024.1,1020.9,5.8,9.5,24.6,20.1,15.6,1.4
2017-10-28,35,0.0,1023.2,1019.4,8.6,9.5,19.7,16.8,14.0,2.2
2017-10-29,06,0.0,1020.2,1017.9,11.7,8.1,19.7,16.2,12.7,4.7
2017-10-30,05,0.0,1018.0,1013.4,12.2,3.4,18.1,16.2,14.3,4.7
2017-10-31,14,0.0,1013.5,1008.7,8.1,8.4,20.6,15.8,11.1,1.9
2017-11-01,19,0.6,1008.9,1006.1,10.8,1.4,19.8,16.6,13.3,3.3
2017-11-02,24,13.4,1006.9,1003.7,10.3,3.3,20.2,17.0,13.7,2.5
2017-11-03,16,0.2,1004.6,1001.8,6.7,0.8,18.2,16.2,14.1,1.4
2017-11-04,36,0.4,1017.2,1002.6,14.2,1.9,17.4,15.4,13.3,3.6
2017-11-05,35,0.4,1022.9,1017.2,9.7,5.7,15.6,13.7,11.8,3.1
2017-11-06,04,0.0,1022.9,1016.2,6.1,6.9,15.2,12.0,8.7,1.9
2017-11-07,36,2.8,1020.7,1014.6,12.8,0.3,14.2,11.0,7.8,3.6
2017-11-08,34,4.2,1023.5,1020.7,10.3,5.7,14.1,11.6,9.0,2.8
2017-11-09,35,3.4,1026.6,1022.9,9.4,0.3,13.4,12.0,10.7,1.4
2017-11-10,36,0.8,1027.9,1025.6,9.4,0.5,14.8,13.6,12.5,2.2
2017-11-11,30,0.4,1026.4,1021.0,6.1,2.0,16.2,14.6,12.9,1.1
2017-11-12,24,2.6,1021.0,1017.0,9.7,1.0,15.6,14.4,13.2,2.8
2017-11-13,06,0.0,1020.4,1018.0,10.0,9.0,15.1,12.3,9.5,5.0
2017-11-14,08,0.0,1018.0,1011.8,7.8,9.2,15.8,11.9,8.0,2.5
2017-11-15,14,0.0,1013.2,1010.9,5.0,9.1,17.1,12.8,8.6,1.1
2017-11-16,35,0.0,1015.3,1012.4,6.9,8.5,15.6,11.4,7.1,1.7
2017-11-17,08,0.0,1015.5,1013.4,6.9,7.4,16.5,12.3,8.1,1.9
2017-11-18,08,0.0,1014.9,1013.0,8.9,9.0,17.8,13.2,8.7,2.2
2017-11-19,16,0.0,1015.1,1012.8,6.1,9.0,18.5,13.8,9.1,1.9
2017-11-20,99,0.0,1014.9,1012.7,5.8,8.8,19.3,13.8,8.3,1.1
2017-11-21,18,0.0,1012.7,1004.6,13.6,7.2,20.7,15.7,10.7,2.2
2017-11-22,99,6.4,1004.6,993.1,22.2,2.1,20.3,17.4,14.6,6.7
2017-11-23,18,0.8,1006.6,997.8,12.8,6.4,19.0,16.2,13.4,3.6
2017-11-24,36,20.0,1013.6,1006.4,8.6,0.0,13.8,12.6,11.5,0.8
2017-11-25,06,0.0,1022.6,1013.5,12.5,8.1,13.5,11.1,8.7,5.0
2017-11-26,06,0.0,1024.6,1021.8,8.9,8.8,14.5,10.3,6.1,2.5
2017-11-27,16,0.0,1021.9,1016.5,5.0,8.6,13.3,9.4,5.6,1.7
2017-11-28,02,4.6,1016.6,1007.8,9.4,2.7,13.8,9.2,4.7,1.1
2017-11-29,36,1.2,1011.7,1006.5,14.7,4.7,11.7,9.2,6.7,2.5
2017-11-30,08,3.2,1018.1,1011.5,7.2,4.4,11.5,8.0,4.6,2.2
2017-12-01,36,1.6,1021.4,1016.4,15.3,3.3,11.8,9.6,7.3,5.0
2017-12-02,03,0.2,1023.4,1021.3,8.3,5.7,11.8,8.9,6.0,2.5
2017-12-03,06,0.0,1026.7,1023.3,7.5,6.4,12.1,8.8,5.4,2.5
2017-12-04,14,0.0,1028.6,1026.3,6.4,8.5,14.3,10.9,7.5,1.4
2017-12-05,16,0.0,1028.2,1026.1,5.3,8.3,14.2,9.8,5.4,2.2
2017-12-06,17,0.4,1026.1,1021.5,9.2,2.7,13.1,9.0,5.0,2.8
2017-12-07,19,7.6,1021.6,1017.1,13.1,0.5,15.0,12.6,10.1,3.9
2017-12-08,02,7.8,1021.5,1019.8,7.8,0.0,14.5,12.6,10.6,2.2
2017-12-09,24,6.6,1020.9,1009.9,15.3,0.0,15.7,13.2,10.6,5.0
2017-12-10,26,52.6,1010.0,977.3,27.2,0.0,16.2,12.8,9.3,8.9
2017-12-11,29,2.4,1005.2,979.9,21.9,2.6,11.5,9.6,7.8,5.8
2017-12-12,29,1.6,1013.5,1005.2,11.1,0.4,12.1,10.6,9.1,2.8
2017-12-13,21,11.4,1015.0,1012.7,15.0,0.4,15.3,13.2,11.0,5.6
2017-12-14,25,2.2,1014.2,1008.5,12.2,0.6,13.8,12.8,11.7,4.4
2017-12-15,29,0.6,1014.4,1007.1,12.5,2.4,12.6,11.4,10.1,4.2
2017-12-16,34,1.2,1024.7,1014.4,8.6,5.7,12.4,9.6,6.7,1.9
2017-12-17,15,0.0,1027.8,1024.2,4.7,7.6,12.7,8.8,4.9,1.1
2017-12-18,32,5.0,1028.4,1025.7,6.1,1.0,13.7,9.6,5.6,1.7
2017-12-19,36,0.0,1027.5,1025.1,7.8,5.2,13.6,10.7,7.8,2.5
2017-12-20,12,0.0,1028.6,1025.8,4.2,8.2,13.4,9.7,6.0,1.4
2017-12-21,13,0.0,1032.2,1028.2,4.7,8.2,15.9,11.4,6.9,1.1
2017-12-22,35,0.0,1033.1,1031.0,8.9,8.4,13.6,10.3,7.0,1.9
2017-12-23,08,0.0,1031.1,1024.6,6.7,7.9,13.6,10.8,8.0,2.2
2017-12-24,20,0.0,1024.6,1017.5,6.1,8.3,15.7,11.4,7.0,1.9
2017-12-25,29,5.4,1017.5,1005.0,16.7,0.6,13.4,10.8,8.2,5.3
2017-12-26,24,9.2,1013.3,996.0,23.6,0.0,14.3,11.6,8.9,6.9
2017-12-27,27,12.2,1007.9,999.1,21.4,0.0,11.9,10.6,9.2,5.0
2017-12-28,26,4.2,1009.8,1002.9,14.7,0.8,14.3,11.8,9.4,5.3
2017-12-29,99,0.0,1014.0,1006.8,15.6,4.9,18.0,15.5,13.0,5.3
2017-12-30,23,0.0,1015.5,1011.5,16.7,5.4,17.8,16.4,15.1,6.1
2017-12-31,28,17.0,1020.1,1004.8,24.7,2.4,15.8,12.4,9.0,6.9
2018-01-01,22,2.8,1021.3,1017.5,19.2,0.5,15.3,13.6,12.0,8.9
2018-01-02,22,3.0,1021.1,1018.5,13.3,0.1,16.8,15.5,14.2,5.3
2018-01-03,23,2.0,1022.9,1019.6,15.3,0.1,17.1,16.1,15.1,5.0
2018-01-04,22,23.4,1019.6,1003.5,16.9,0.0,16.6,15.6,14.5,6.9
2018-01-05,22,4.2,1003.8,999.5,16.1,0.8,14.7,10.6,6.5,4.4
2018-01-06,30,6.0,1001.6,997.5,13.6,4.7,10.5,7.3,4.1,2.2
2018-01-07,02,4.4,1001.7,999.5,17.8,2.1,11.6,9.2,6.7,8.9
2018-01-08,99,0.0,1005.3,1000.9,7.8,2.9,12.7,11.0,9.2,1.4
2018-01-09,19,2.4,1006.4,998.1,19.4,2.1,14.5,11.9,9.3,4.7
2018-01-10,28,20.2,1013.0,999.6,24.2,3.7,13.2,10.2,7.1,7.2
2018-01-11,30,0.0,1020.6,1013.0,17.8,4.0,12.3,10.4,8.5,5.0
2018-01-12,15,3.8,1020.1,1006.6,13.6,1.8,12.5,9.5,6.5,3.3
2018-01-13,24,14.4,1010.7,1006.1,11.7,1.4,11.5,9.6,7.8,2.5
2018-01-14,18,0.0,1017.9,1010.3,6.4,7.5,12.2,8.6,5.1,1.9
2018-01-15,21,3.0,1019.1,1015.6,15.3,0.1,13.4,9.6,5.9,5.0
2018-01-16,26,0.8,1021.3,1018.3,11.7,0.0,14.5,13.4,12.3,3.9
2018-01-17,30,0.0,1024.4,1021.1,10.6,1.3,13.5,12.2,10.9,2.2
2018-01-18,25,3.0,1021.1,1016.5,6.9,0.1,13.0,11.5,10.0,2.2
2018-01-19,30,0.0,1020.9,1015.7,9.2,4.4,14.3,12.6,10.9,3.1
2018-01-20,22,0.0,1022.4,1018.8,12.5,1.9,15.2,13.0,10.7,5.0
2018-01-21,20,1.8,1024.2,1022.1,8.6,0.0,14.7,13.5,12.3,2.2
2018-01-22,22,0.0,1023.1,1021.4,10.8,0.9,16.2,14.2,12.2,2.8
2018-01-23,19,0.0,1022.3,1019.0,8.9,1.3,16.4,14.9,13.4,3.3
2018-01-24,16,15.0,1019.0,1011.6,14.7,2.0,14.6,12.6,10.5,5.6
2018-01-25,36,5.0,1017.5,1010.6,15.3,2.6,12.4,10.6,8.7,5.3
2018-01-26,35,0.4,1027.5,1017.5,14.2,2.6,11.8,10.6,9.4,4.7
2018-01-27,36,0.8,1029.0,1026.7,7.8,0.0,12.3,10.3,8.3,0.8
2018-01-28,06,0.0,1030.3,1027.0,7.5,8.9,14.9,12.0,9.1,3.1
2018-01-29,04,0.0,1028.3,1024.3,6.9,9.2,16.5,11.8,7.2,3.1
2018-01-30,08,0.0,1025.0,1019.0,6.1,9.3,13.4,9.6,5.7,1.4
2018-01-31,36,1.8,1019.4,1014.2,10.0,0.8,11.3,8.5,5.7,1.1
2018-02-01,36,7.4,1014.4,1010.0,18.6,2.4,11.2,9.4,7.5,5.6
2018-02-02,34,2.8,1015.9,1011.6,14.7,5.8,10.3,8.2,6.0,2.8
2018-02-03,36,8.4,1015.7,1011.7,16.9,0.1,11.3,9.5,7.7,4.2
2018-02-04,08,12.0,1011.8,1008.1,16.9,2.1,9.5,7.4,5.3,5.3
2018-02-05,03,0.6,1012.7,1008.7,19.7,5.6,9.2,7.4,5.6,8.6
2018-02-06,05,12.6,1013.8,1010.1,16.9,3.0,9.4,7.0,4.7,4.4
2018-02-07,35,4.4,1018.5,1013.8,19.4,4.7,8.1,6.0,4.0,5.3
2018-02-08,18,4.0,1018.3,1010.9,8.3,3.6,10.6,7.1,3.6,1.9
2018-02-09,36,1.4,1021.9,1010.9,13.9,1.4,11.5,9.2,6.9,5.6
2018-02-10,25,2.6,1021.9,1015.6,8.6,0.9,12.0,9.6,7.2,3.6
2018-02-11,35,7.8,1018.2,1013.3,12.2,0.0,12.7,10.8,8.8,4.7
2018-02-12,22,6.0,1019.1,1011.1,8.9,5.2,10.0,7.8,5.5,2.8
2018-02-13,24,8.4,1011.1,1005.0,16.1,0.0,12.6,9.6,6.5,4.4
2018-02-14,23,0.2,1009.4,1003.6,15.0,0.2,16.3,14.4,12.6,6.4
2018-02-15,99,18.0,1015.4,1009.1,11.4,0.0,16.8,14.2,11.6,3.6
2018-02-16,28,30.8,1018.3,1013.1,8.3,0.0,13.4,11.4,9.4,1.9
2018-02-17,36,0.0,1022.8,1018.3,7.8,9.1,13.2,10.4,7.5,2.8
2018-02-18,31,0.0,1022.6,1017.7,5.0,3.4,13.9,9.8,5.7,0.8
2018-02-19,04,0.0,1017.8,1016.5,7.8,5.3,13.5,11.6,9.8,3.1
2018-02-20,03,0.0,1018.2,1015.5,10.6,4.2,14.3,12.2,10.2,4.2
2018-02-21,06,0.0,1015.5,1007.6,14.4,6.8,12.9,11.0,9.1,5.8
2018-02-22,06,0.0,1007.7,1002.5,11.4,10.1,13.3,9.3,5.3,3.1
2018-02-23,15,0.0,1002.5,998.0,7.2,10.1,13.7,9.0,4.4,3.1
2018-02-24,06,0.0,1002.3,997.8,6.4,10.3,13.6,8.7,3.8,2.2
2018-02-25,06,0.0,1004.7,1002.3,6.4,10.3,16.4,10.5,4.6,2.5
2018-02-26,07,0.0,1003.7,997.6,12.8,10.0,14.5,10.2,5.8,4.7
2018-02-27,06,0.0,999.7,991.8,15.0,8.3,8.9,6.6,4.2,6.9
2018-02-28,09,23.2,991.8,975.1,13.1,0.0,6.9,4.4,1.9,2.8
2018-03-01,28,14.6,987.4,967.9,21.7,0.7,11.5,8.2,5.0,5.0
2018-03-02,22,6.6,988.7,973.6,14.7,0.8,12.4,8.0,3.7,4.4
2018-03-03,22,1.0,985.4,981.4,18.9,6.5,14.5,11.2,8.0,6.1
2018-03-04,24,8.4,988.0,980.9,16.7,3.0,13.3,10.0,6.8,5.3
2018-03-05,26,11.2,988.7,980.4,13.9,5.0,12.8,10.0,7.3,3.9
2018-03-06,28,3.4,998.7,987.0,18.3,5.4,11.8,10.0,8.2,6.4
2018-03-07,24,5.6,1001.2,995.4,11.9,2.6,13.1,10.2,7.3,2.5
2018-03-08,99,1.8,996.5,992.7,16.7,4.6,15.9,12.2,8.6,4.7
2018-03-09,22,6.8,995.2,983.7,19.2,1.4,18.7,16.0,13.2,4.2
2018-03-10,16,14.2,989.2,976.1,21.1,6.0,15.6,13.0,10.3,4.2
2018-03-11,23,3.2,997.4,976.1,24.7,3.5,13.3,11.8,10.3,8.1
2018-03-12,28,4.0,1008.2,997.4,17.2,5.8,14.0,11.0,7.9,4.4
2018-03-13,17,0.8,1005.8,998.7,16.4,7.2,17.0,12.2,7.4,4.4
2018-03-14,24,19.6,998.7,984.0,22.2,2.1,15.3,12.2,9.1,4.4
2018-03-15,26,6.8,995.2,984.0,15.3,1.3,12.7,10.0,7.3,4.4
2018-03-16,22,19.8,996.3,994.2,16.7,3.6,12.3,9.7,7.1,4.7
2018-03-17,28,0.2,996.4,993.4,10.0,7.7,12.8,9.8,6.8,4.4
2018-03-18,29,7.4,1003.5,996.3,12.2,4.8,12.6,10.5,8.4,3.3
2018-03-19,36,4.0,1011.8,1000.7,17.5,5.4,10.1,8.6,7.0,5.6
2018-03-20,99,0.2,1025.1,1011.8,16.7,2.1,10.6,8.4,6.2,6.4
2018-03-21,36,0.0,1026.1,1023.9,12.2,9.0,12.4,9.5,6.6,4.4
2018-03-22,29,1.0,1023.9,1012.5,8.6,10.1,11.5,7.0,2.6,1.7
2018-03-23,28,10.8,1012.5,993.9,23.6,1.8,15.8,12.0,8.2,7.5
2018-03-24,30,11.2,1003.8,996.3,28.6,1.6,11.8,9.6,7.3,9.2
2018-03-25,34,0.8,1016.8,1002.9,11.9,6.8,12.5,9.6,6.8,4.2
2018-03-26,26,1.4,1020.8,1016.7,7.8,0.8,14.0,11.6,9.2,2.8
2018-03-27,29,0.0,1021.5,1016.2,12.5,5.2,16.1,13.8,11.4,4.4
2018-03-28,22,10.0,1016.2,1009.1,15.3,1.5,13.6,11.0,8.3,4.7
2018-03-29,29,9.8,1009.1,993.4,20.6,4.1,13.1,9.8,6.5,4.7
2018-03-30,25,9.0,999.0,988.9,22.5,2.1,12.0,9.2,6.3,6.9
2018-03-31,34,0.4,1008.5,999.0,12.8,2.8,13.8,10.9,8.0,3.9
2018-04-01,15,9.8,1006.3,996.0,15.0,2.2,18.4,14.6,10.8,5.3
2018-04-02,22,3.2,996.0,990.3,15.8,4.6,17.5,14.6,11.8,5.6
2018-04-03,20,6.2,993.3,987.2,21.7,6.7,15.6,13.0,10.3,6.4
2018-04-04,26,7.2,1011.2,992.6,13.9,5.9,14.1,12.0,9.9,5.0
2018-04-05,14,3.8,1010.6,998.3,15.3,6.0,18.2,13.4,8.7,3.9
2018-04-06,16,4.0,998.5,995.7,13.6,0.2,13.9,11.4,9.0,4.2
2018-04-07,22,2.2,999.6,995.0,12.5,7.5,16.2,12.7,9.2,3.6
2018-04-08,20,3.6,999.8,996.5,11.9,3.1,15.4,12.2,9.1,4.4
2018-04-09,22,22.2,1003.8,994.3,11.7,7.9,14.8,12.0,9.2,3.9
2018-04-10,29,1.8,996.9,988.6,14.7,8.7,12.0,9.2,6.4,4.4
2018-04-11,30,2.0,999.2,996.9,8.1,6.4,14.1,11.4,8.8,4.7
2018-04-12,16,4.4,997.0,989.1,7.5,0.4,15.1,12.2,9.4,2.5
2018-04-13,01,0.2,1008.2,994.2,7.2,4.7,14.5,12.6,10.6,3.1
2018-04-14,20,1.2,1009.2,1005.8,14.7,6.9,17.6,13.4,9.3,3.9
2018-04-15,28,0.8,1009.5,1005.9,11.1,3.3,14.6,12.6,10.5,3.9
2018-04-16,21,0.0,1010.9,1007.4,15.8,12.3,17.7,13.4,9.0,4.4
2018-04-17,19,0.0,1015.4,1010.0,15.3,9.2,21.6,17.2,12.9,5.0
2018-04-18,19,0.0,1014.9,1011.6,10.8,12.5,24.7,18.0,11.4,2.2
2018-04-19,34,0.0,1014.7,1013.0,10.6,4.0,16.2,14.3,12.4,3.9
2018-04-20,35,0.0,1013.1,1008.3,9.2,6.1,16.1,14.3,12.5,3.9
2018-04-21,30,0.0,1009.9,1006.8,5.8,6.3,21.1,16.2,11.4,0.8
2018-04-22,36,0.0,1012.5,1008.2,7.8,1.9,14.8,13.4,11.9,2.2
2018-04-23,36,0.0,1013.7,1011.0,11.7,9.7,15.9,13.6,11.3,3.9
2018-04-24,34,0.0,1014.5,1010.8,10.3,6.6,17.2,14.6,11.9,3.9
2018-04-25,36,0.8,1018.9,1014.0,11.1,8.6,14.4,13.0,11.6,5.3
2018-04-26,35,0.2,1018.3,1009.0,10.8,12.9,15.5,13.1,10.7,4.7
2018-04-27,29,0.0,1011.1,1007.8,12.5,9.1,15.7,13.4,11.1,4.2
2018-04-28,24,0.8,1007.8,1000.8,8.6,10.3,14.8,11.9,9.0,2.8
2018-04-29,25,5.8,1005.6,998.9,11.9,3.0,13.0,10.8,8.7,4.4
2018-04-30,02,0.0,1012.1,1005.6,8.1,9.4,13.9,10.9,7.9,2.5
2018-05-01,26,1.8,1012.0,1005.6,11.7,9.8,15.9,11.8,7.7,4.2
2018-05-02,20,6.2,1014.5,1004.4,12.2,0.0,16.4,13.6,10.8,4.7
2018-05-03,36,0.0,1016.5,1014.2,12.5,11.8,14.0,12.1,10.2,5.3
2018-05-04,03,0.0,1015.9,1011.5,13.3,11.7,16.3,13.4,10.4,4.7
2018-05-05,35,0.0,1012.7,1009.2,12.2,13.6,19.2,14.8,10.4,5.6
2018-05-06,28,0.0,1009.9,1007.1,6.1,13.3,21.8,16.6,11.4,1.9
2018-05-07,32,0.0,1011.1,1008.3,8.6,5.6,17.9,15.4,12.9,2.2
2018-05-08,36,0.0,1012.2,1009.9,8.3,3.2,17.0,14.4,11.9,1.9
2018-05-09,27,0.6,1012.8,1008.0,11.7,3.6,15.9,14.1,12.3,3.6
2018-05-10,34,0.0,1014.7,1006.1,12.2,12.1,16.4,13.7,11.0,5.0
2018-05-11,24,3.4,1011.9,1006.2,12.2,0.4,16.3,13.6,10.8,2.5
2018-05-12,28,5.6,1016.3,1010.4,13.6,9.6,14.3,11.9,9.5,6.7
2018-05-13,26,6.0,1018.0,1015.4,11.1,0.0,14.1,11.8,9.6,4.2
2018-05-14,29,0.8,1018.7,1015.5,10.0,5.9,15.9,14.2,12.6,3.1
2018-05-15,36,0.0,1018.2,1015.7,12.2,3.5,14.9,13.6,12.3,4.2
2018-05-16,99,0.0,1015.9,1010.8,12.8,9.0,17.7,15.0,12.3,5.0
2018-05-17,35,0.0,1011.3,1009.3,15.0,12.5,16.8,14.5,12.2,6.7
2018-05-18,35,0.0,1011.4,1008.9,15.3,12.5,19.2,16.3,13.4,4.2
2018-05-19,01,0.0,1010.9,1009.2,8.3,13.9,23.9,18.8,13.7,3.3
2018-05-20,35,0.0,1010.7,1003.8,9.4,14.1,19.7,15.6,11.5,3.6
2018-05-21,28,0.0,1006.4,1002.8,8.6,9.0,17.8,14.8,11.9,3.1
2018-05-22,34,0.0,1009.0,1005.8,7.2,11.0,19.6,16.2,12.8,2.5
2018-05-23,35,0.0,1009.0,1006.8,6.9,9.9,21.9,17.5,13.1,2.2
2018-05-24,36,0.0,1008.3,1005.7,13.1,10.7,21.7,18.0,14.4,1.9
2018-05-25,99,3.0,1008.7,1006.3,10.3,0.0,15.0,14.4,13.8,3.9
2018-05-26,34,0.2,1008.5,1006.5,7.8,0.0,15.0,14.1,13.2,2.8
2018-05-27,28,0.2,1010.9,1007.3,8.3,4.3,17.2,15.4,13.6,3.1
2018-05-28,29,0.0,1010.4,1008.5,6.4,10.3,17.8,15.6,13.4,2.5
2018-05-29,36,0.0,1009.0,1007.6,8.3,1.9,17.6,15.7,13.8,1.9
2018-05-30,28,0.0,1009.8,1006.6,9.2,0.0,16.1,15.0,13.8,3.1
2018-05-31,23,1.6,1012.9,1008.7,10.6,2.7,17.9,15.9,13.9,3.6
2018-06-01,28,0.0,1014.6,1012.1,8.3,7.3,18.7,15.9,13.1,3.1
2018-06-02,28,2.2,1014.4,1008.9,7.8,4.7,19.1,16.3,13.5,1.9
2018-06-03,20,3.6,1009.0,1006.3,11.1,4.6,18.4,15.1,11.8,3.6
2018-06-04,29,13.2,1008.1,1004.9,7.5,5.3,17.1,15.0,13.0,2.2
2018-06-05,25,6.8,1008.4,1005.5,10.0,0.0,16.5,15.0,13.4,2.5
2018-06-06,30,1.2,1010.5,1007.7,7.2,3.4,17.1,15.8,14.4,2.2
2018-06-07,28,5.8,1009.3,1005.8,10.0,0.1,20.3,17.2,14.1,3.6
2018-06-08,36,15.8,1007.1,1004.1,7.2,3.9,17.0,15.2,13.3,2.5
2018-06-09,18,24.0,1005.2,1001.7,10.3,1.9,17.6,15.6,13.6,3.3
2018-06-10,34,0.0,1007.3,1002.2,8.9,8.0,19.7,16.6,13.4,2.5
2018-06-11,33,4.6,1012.0,1007.0,7.2,0.4,16.5,15.4,14.3,3.3
2018-06-12,35,0.0,1017.0,1011.8,7.2,4.7,18.2,16.4,14.5,3.3
2018-06-13,36,0.0,1017.2,1015.3,7.5,11.0,18.4,16.5,14.6,3.6
2018-06-14,29,1.4,1015.3,1012.8,6.7,12.1,20.7,17.6,14.4,2.2
2018-06-15,34,0.0,1014.4,1012.3,12.2,1.5,16.6,15.1,13.6,5.0
2018-06-16,36,0.0,1017.0,1012.5,7.2,7.2,19.9,16.4,12.9,3.3
2018-06-17,34,0.0,1019.7,1016.7,6.1,12.8,19.8,17.0,14.1,2.5
2018-06-18,36,0.0,1019.6,1016.1,14.7,11.3,20.1,17.8,15.5,5.0
2018-06-19,03,0.0,1016.1,1009.1,8.3,14.9,24.6,20.4,16.1,3.1
2018-06-20,01,0.0,1012.9,1009.6,8.6,9.6,22.7,19.4,16.1,2.5
2018-06-21,03,0.0,1014.7,1011.5,13.9,13.6,20.5,18.1,15.7,5.3
2018-06-22,04,0.0,1014.0,1010.0,11.4,14.2,25.2,21.5,17.8,3.6
2018-06-23,08,0.0,1010.8,1006.0,5.8,14.2,29.0,23.1,17.2,1.7
2018-06-24,26,0.0,1009.0,1006.1,10.3,13.7,28.1,22.0,15.9,2.8
2018-06-25,29,0.1,1012.6,1007.4,5.8,0.0,17.6,16.5,15.4,2.2
2018-06-26,29,0.0,1013.9,1011.0,6.1,0.0,18.8,17.4,15.9,2.2
2018-06-27,26,0.0,1013.2,1011.0,6.1,4.8,20.9,18.3,15.7,2.5
2018-06-28,01,1.0,1011.2,1004.9,9.7,0.8,18.5,17.2,15.8,2.5
2018-06-29,99,6.8,1004.9,999.6,5.0,8.8,23.8,20.0,16.2,1.9
2018-06-30,23,28.8,1001.9,998.9,10.0,1.0,19.7,17.9,16.1,1.7
2018-07-01,22,12.8,1004.6,1000.9,7.8,0.8,21.6,19.1,16.6,1.4
2018-07-02,27,3.0,1009.7,1003.8,7.2,0.7,20.8,18.8,16.7,2.5
2018-07-03,29,0.4,1011.0,1009.0,9.2,5.8,21.4,19.0,16.6,3.9
2018-07-04,99,0.0,1014.6,1009.1,10.8,11.4,21.8,19.4,16.9,2.2
2018-07-05,24,0.0,1016.6,1014.3,6.1,0.4,20.3,18.6,16.8,1.9
2018-07-06,36,0.0,1015.8,1012.8,6.7,12.4,21.6,18.6,15.5,2.2
2018-07-07,06,0.0,1013.0,1011.0,8.3,14.5,23.0,19.5,16.0,2.2
2018-07-08,34,0.0,1013.5,1012.2,13.1,13.1,21.0,19.0,17.1,4.7
2018-07-09,01,0.0,1013.6,1012.1,9.7,14.5,25.9,21.6,17.4,2.5
2018-07-10,01,0.0,1013.2,1009.9,10.6,14.5,22.2,20.0,17.7,4.4
2018-07-11,02,0.0,1012.1,1010.2,11.7,2.3,19.8,18.3,16.8,4.4
2018-07-12,33,0.0,1011.3,1008.1,11.4,12.0,22.6,19.9,17.2,2.2
2018-07-13,06,0.0,1009.7,1007.7,8.3,12.9,24.6,21.0,17.3,2.2
2018-07-14,99,2.0,1010.9,1009.0,10.0,7.5,24.3,21.0,17.8,2.2
2018-07-15,28,0.4,1013.4,1009.4,7.5,0.0,19.8,18.6,17.5,3.1
2018-07-16,27,0.0,1015.0,1012.9,10.0,5.9,22.4,19.7,17.0,3.9
2018-07-17,35,0.0,1014.7,1008.6,11.1,7.1,20.8,18.6,16.3,4.2
2018-07-18,36,0.0,1009.4,1007.0,7.2,6.7,22.9,19.8,16.8,2.2
2018-07-19,35,0.0,1013.7,1008.7,9.2,2.0,20.8,18.9,17.0,4.2
2018-07-20,34,0.0,1013.9,1012.4,10.0,11.0,22.1,19.4,16.6,3.6
2018-07-21,30,0.0,1013.3,1010.3,8.6,3.0,22.2,19.0,15.8,3.1
2018-07-22,35,0.0,1010.6,1008.2,11.9,13.0,21.1,19.1,17.1,4.2
2018-07-23,24,0.0,1009.1,1006.7,10.3,9.0,24.7,21.2,17.6,3.1
2018-07-24,03,0.0,1010.5,1008.2,6.4,3.5,23.1,20.6,18.2,2.8
2018-07-25,99,0.0,1010.0,1006.4,7.8,7.1,23.7,20.8,17.8,1.9
2018-07-26,29,0.0,1008.8,1007.0,8.9,9.6,23.8,21.4,19.1,3.1
2018-07-27,24,0.6,1008.8,1006.2,11.7,4.2,23.7,20.8,18.0,4.2
2018-07-28,22,0.0,1010.3,1008.5,10.6,5.3,22.1,19.2,16.4,2.8
2018-07-29,20,0.0,1009.8,1007.3,12.5,1.5,22.6,19.1,15.6,4.7
2018-07-30,27,3.6,1012.3,1008.1,10.0,0.7,21.8,19.8,17.7,3.3
2018-07-31,36,0.0,1014.8,1011.9,7.2,10.6,21.3,19.2,17.0,2.8
2018-08-01,35,0.0,1013.8,1009.7,10.0,12.8,22.5,19.2,15.8,3.6
2018-08-02,35,0.0,1009.8,1007.2,5.3,13.3,28.9,23.6,18.2,1.9
2018-08-03,28,0.0,1012.9,1008.5,7.2,11.0,27.6,23.6,19.5,2.2
2018-08-04,35,0.0,1013.3,1011.3,7.2,11.9,22.3,20.4,18.6,1.9
2018-08-05,26,0.0,1011.3,1006.5,4.7,11.5,29.8,24.4,19.0,1.1
2018-08-06,28,0.2,1008.4,1005.5,6.1,8.8,24.4,20.5,16.6,1.7
2018-08-07,29,0.0,1010.1,1008.2,9.4,6.7,22.8,19.6,16.4,3.1
2018-08-08,29,24.6,1011.3,1007.5,8.3,5.0,22.3,19.0,15.6,2.2
2018-08-09,36,0.4,1018.4,1011.3,6.4,11.9,21.0,18.3,15.6,2.2
2018-08-10,36,0.0,1018.2,1016.0,9.2,13.3,20.8,17.2,13.7,3.1
2018-08-11,29,0.0,1016.7,1011.6,6.9,13.2,23.2,19.0,14.9,1.9
2018-08-12,24,3.4,1011.6,1008.8,10.6,0.6,24.5,20.8,17.2,2.2
2018-08-13,99,0.2,1013.5,1009.2,7.8,7.7,21.8,19.4,16.9,3.3
2018-08-14,06,0.0,1014.3,1011.7,11.1,12.5,22.7,20.5,18.3,4.4
2018-08-15,36,0.0,1012.4,1008.0,7.2,13.5,25.3,21.2,17.2,2.5
2018-08-16,36,0.0,1015.6,1010.4,9.7,7.9,22.3,19.8,17.3,4.2
2018-08-17,05,0.0,1017.2,1015.1,12.2,10.5,22.5,19.6,16.8,5.3
2018-08-18,04,0.0,1015.6,1011.9,10.3,12.9,24.5,20.9,17.3,4.4
2018-08-19,02,0.0,1014.3,1012.9,7.2,12.2,27.1,22.0,16.9,2.5
2018-08-20,02,0.0,1013.9,1010.0,7.2,12.6,24.6,20.9,17.2,1.7
2018-08-21,12,0.0,1010.3,1006.3,3.9,12.3,27.7,22.6,17.4,1.7
2018-08-22,36,0.0,1011.2,1007.1,9.4,11.6,25.3,22.1,18.9,1.7
2018-08-23,36,0.0,1015.7,1011.0,10.8,8.9,21.5,19.5,17.5,3.6
2018-08-24,36,0.0,1016.5,1014.5,11.1,8.6,20.6,18.4,16.3,5.0
2018-08-25,30,0.0,1015.4,1011.7,7.5,12.2,21.5,18.1,14.7,2.5
2018-08-26,32,0.0,1011.7,1009.0,6.4,12.4,22.4,18.6,14.8,2.2
2018-08-27,36,0.8,1009.2,1004.8,10.3,5.9,21.8,19.9,18.0,2.5
2018-08-28,29,3.4,1012.6,1002.6,11.1,4.4,27.9,22.5,17.1,4.2
2018-08-29,35,0.0,1017.2,1012.5,7.8,5.6,21.4,18.8,16.1,2.5
2018-08-30,36,0.0,1016.7,1013.9,10.0,12.3,21.2,18.3,15.4,3.3
2018-08-31,36,0.0,1014.1,1011.7,11.7,12.6,22.1,19.2,16.2,2.8
2018-09-01,05,0.0,1012.0,1006.8,5.3,12.4,28.8,23.3,17.8,1.7
2018-09-02,27,0.6,1006.9,1004.4,6.7,10.4,31.9,25.7,19.5,1.7
2018-09-03,05,0.0,1008.3,1004.3,12.8,8.7,26.4,22.6,18.9,4.2
2018-09-04,35,0.4,1008.5,1006.8,11.7,0.9,20.3,18.4,16.4,3.9
2018-09-05,35,0.6,1012.0,1007.4,11.4,3.6,20.4,18.0,15.7,3.3
2018-09-06,06,0.0,1012.9,1010.8,12.5,5.0,21.6,18.8,16.0,4.4
2018-09-07,06,0.0,1010.8,1007.4,10.8,12.0,24.8,20.5,16.2,4.4
2018-09-08,28,0.0,1011.0,1006.5,5.8,12.2,26.4,21.3,16.2,1.9
2018-09-09,99,0.0,1016.4,1010.9,9.7,11.1,22.8,19.2,15.5,2.8
2018-09-10,27,0.0,1017.4,1015.2,5.6,11.7,22.9,18.8,14.6,1.9
2018-09-11,28,0.0,1015.7,1012.2,5.8,10.7,24.2,19.2,14.1,1.7
2018-09-12,35,0.0,1016.4,1013.2,8.6,7.2,21.3,18.8,16.3,2.8
2018-09-13,35,0.0,1015.9,1013.3,11.1,11.6,21.2,18.4,15.7,3.3
2018-09-14,36,0.0,1014.1,1012.5,11.7,10.0,18.9,17.4,15.8,4.2
2018-09-15,26,0.0,1013.8,1010.8,6.7,11.8,23.7,19.8,16.0,1.9
2018-09-16,99,0.0,1014.8,1009.9,5.8,6.1,21.7,18.6,15.6,1.9
2018-09-17,27,0.0,1010.0,1006.4,10.0,10.3,26.9,21.0,15.0,2.8
2018-09-18,27,0.0,1012.7,1007.9,10.0,9.6,23.6,20.8,17.9,3.1
2018-09-19,28,0.0,1015.2,1012.1,8.9,9.7,23.7,19.4,15.1,3.1
2018-09-20,26,0.8,1014.3,1010.7,10.6,9.8,23.7,19.0,14.3,2.2
2018-09-21,22,2.6,1015.3,1011.0,9.2,0.0,20.7,18.7,16.7,1.7
2018-09-22,29,0.0,1017.7,1014.3,8.1,11.6,23.5,19.8,16.1,2.2
2018-09-23,05,0.2,1020.6,1016.5,8.9,1.1,22.9,20.2,17.6,1.4
2018-09-24,04,0.0,1020.9,1017.8,13.9,8.6,21.2,18.2,15.1,7.5
2018-09-25,05,0.0,1017.8,1014.0,12.5,11.5,23.2,18.8,14.3,4.4
2018-09-26,15,0.0,1016.8,1013.0,5.3,11.4,26.6,20.4,14.1,1.4
2018-09-27,28,0.0,1018.4,1016.2,7.2,5.8,22.1,19.9,17.7,1.1
2018-09-28,34,0.0,1016.7,1011.5,5.3,0.0,18.7,17.1,15.5,1.9
2018-09-29,26,0.0,1011.5,1008.1,5.8,10.9,21.9,18.9,15.9,1.4
2018-09-30,34,0.0,1017.4,1009.7,12.2,10.8,20.1,17.6,15.2,3.3
2018-10-01,05,0.0,1019.3,1017.2,13.3,8.8,20.8,17.8,14.9,5.3
2018-10-02,05,0.0,1018.9,1015.4,11.4,11.1,21.8,17.6,13.5,3.1
2018-10-03,12,0.0,1016.3,1013.2,5.3,10.9,23.5,18.2,12.9,1.9
2018-10-04,27,0.0,1013.2,1009.4,9.2,10.8,25.8,20.4,15.0,1.7
2018-10-05,28,0.0,1009.4,1007.9,7.8,10.7,19.1,16.3,13.5,2.2
2018-10-06,28,3.0,1017.4,1007.7,10.0,4.6,17.3,15.2,13.1,4.7
2018-10-07,03,0.0,1017.6,1014.7,11.7,9.1,18.1,14.5,10.9,4.2
2018-10-08,05,0.0,1014.7,1006.7,9.7,10.8,19.8,15.0,10.1,2.8
2018-10-09,30,0.0,1006.7,998.1,6.4,10.7,22.7,17.7,12.7,2.2
2018-10-10,18,7.8,998.2,992.0,16.9,9.8,24.1,19.0,13.8,4.2
2018-10-11,19,0.0,1003.0,992.4,17.2,6.9,20.5,17.8,15.0,4.4
2018-10-12,18,0.0,1006.6,1002.6,19.4,7.9,22.6,20.2,17.7,5.3
2018-10-13,17,23.2,1004.4,999.8,19.7,5.1,26.1,19.3,12.5,5.6
2018-10-14,30,4.4,1006.6,997.8,14.4,5.6,17.1,14.4,11.8,3.6
2018-10-15,16,0.8,1005.4,993.3,16.1,4.5,20.2,16.6,12.9,2.2
2018-10-16,28,0.0,1012.2,1005.4,5.0,9.5,19.1,15.4,11.8,1.7
2018-10-17,04,10.2,1011.7,1007.0,9.2,0.3,16.1,14.7,13.3,2.8
2018-10-18,04,0.0,1011.8,1007.5,11.1,2.3,17.3,15.8,14.2,5.0
2018-10-19,04,0.0,1014.5,1010.4,12.2,8.4,19.8,17.4,15.0,4.2
2018-10-20,99,0.0,1016.2,1012.7,11.7,9.9,21.5,18.2,14.9,4.4
2018-10-21,06,0.0,1016.0,1012.6,9.4,9.6,21.1,18.0,14.9,3.1
2018-10-22,05,0.0,1020.4,1016.0,14.7,10.0,20.3,17.5,14.7,6.7
2018-10-23,06,0.0,1020.4,1018.2,12.2,10.1,21.5,17.8,14.2,4.4
2018-10-24,15,0.0,1020.3,1014.7,6.4,10.1,21.0,16.8,12.6,1.9
2018-10-25,16,0.0,1014.7,1008.9,4.7,9.6,21.1,16.3,11.5,1.4
2018-10-26,35,0.8,1013.2,1007.4,15.8,3.7,17.8,15.2,12.7,3.3
2018-10-27,99,11.0,1013.1,1004.2,18.9,3.4,13.3,10.2,7.1,4.4
2018-10-28,03,11.2,1006.6,1003.7,18.9,3.2,12.0,9.5,7.0,9.4
2018-10-29,14,8.2,1006.6,988.0,13.3,4.6,13.4,10.5,7.6,2.5
2018-10-30,28,11.6,995.6,987.1,13.9,0.8,13.3,11.6,9.8,5.0
2018-10-31,29,0.4,1004.8,994.3,11.1,4.5,14.7,11.6,8.4,3.1
2018-11-01,25,2.0,1011.1,1004.5,13.9,0.2,15.3,12.6,10.0,5.3
2018-11-02,22,0.0,1020.1,1011.0,11.4,0.0,15.4,14.4,13.5,1.9
2018-11-03,26,1.8,1019.5,1009.7,5.8,0.0,14.2,13.5,12.8,1.9
2018-11-04,20,36.2,1009.7,991.1,16.1,1.1,15.5,13.7,11.9,3.9
2018-11-05,32,1.0,1000.9,991.2,17.2,1.9,14.4,12.3,10.2,6.9
2018-11-06,18,27.0,1000.8,989.2,18.6,0.2,15.8,13.4,10.9,5.0
2018-11-07,26,2.2,1007.4,993.5,15.0,6.3,15.1,12.6,10.1,4.2
2018-11-08,23,12.0,1007.8,998.9,12.8,1.0,13.1,11.6,10.0,3.6
2018-11-09,18,36.6,1008.2,997.1,22.5,0.0,16.6,13.1,9.6,6.1
2018-11-10,24,1.4,998.8,997.2,18.3,3.1,17.5,15.3,13.1,6.9
2018-11-11,21,0.0,1002.6,995.8,14.4,0.1,15.2,13.0,10.7,3.9
2018-11-12,29,0.0,1015.8,1002.5,10.6,8.1,16.6,13.0,9.5,3.3
2018-11-13,15,0.0,1018.8,1015.1,5.0,9.2,15.5,11.3,7.1,1.4
2018-11-14,17,0.0,1015.1,1006.7,8.3,9.1,21.3,15.4,9.4,1.9
2018-11-15,35,0.0,1009.6,1006.4,7.2,6.5,21.4,17.0,12.6,1.9
2018-11-16,18,0.0,1009.3,1004.9,6.9,8.9,21.9,17.9,13.9,1.9
2018-11-17,14,0.0,1005.0,999.2,9.4,6.2,21.1,17.0,12.9,2.5
2018-11-18,06,0.0,999.2,994.0,9.4,5.7,17.3,14.8,12.2,2.8
2018-11-19,35,13.0,996.9,993.6,5.3,5.0,17.8,14.2,10.5,1.4
2018-11-20,36,1.8,996.6,992.0,9.4,1.3,13.2,11.1,9.0,3.9
2018-11-21,19,8.6,1000.9,995.8,10.6,5.9,13.9,11.1,8.3,2.8
2018-11-22,17,9.8,1003.3,1000.2,11.4,2.7,13.5,11.0,8.6,3.1
2018-11-23,26,3.6,1004.3,1002.8,12.2,4.5,13.5,10.8,8.1,4.2
2018-11-24,04,48.4,1004.4,997.9,14.7,0.0,11.7,10.4,9.2,2.2
2018-11-25,26,18.2,1004.6,997.3,17.2,3.6,11.3,8.9,6.5,2.2
2018-11-26,22,0.0,1015.2,997.2,14.7,4.2,13.5,11.4,9.3,2.8
2018-11-27,20,0.0,1014.9,1010.3,11.9,0.1,14.4,12.2,10.1,3.9
2018-11-28,18,5.6,1010.4,1003.8,21.1,0.8,15.7,14.4,13.0,6.4
2018-11-29,16,2.2,1011.0,1001.5,17.5,4.6,16.0,13.8,11.7,5.0
2018-11-30,24,0.2,1015.1,1010.8,9.2,5.8,14.9,13.1,11.3,1.9
2018-12-01,22,0.0,1013.7,1010.4,15.6,0.0,16.5,14.9,13.3,6.1
2018-12-02,21,17.4,1011.7,1009.5,17.8,1.2,17.6,16.6,15.7,5.6
2018-12-03,22,9.4,1014.5,1008.6,11.9,0.0,17.1,16.2,15.4,2.8
2018-12-04,16,0.0,1014.5,1012.2,6.9,6.3,18.3,15.3,12.3,1.9
2018-12-05,22,0.2,1020.6,1013.5,16.7,1.4,17.1,14.6,12.0,4.2
2018-12-06,24,0.0,1023.5,1020.4,7.8,6.5,16.8,14.3,11.8,2.8
2018-12-07,21,2.0,1023.8,1018.7,14.7,0.0,15.2,13.1,11.0,5.6
2018-12-08,22,0.8,1024.4,1022.4,8.9,3.4,15.5,12.8,10.2,3.3
2018-12-09,22,0.0,1026.7,1023.6,6.1,4.3,14.5,11.9,9.3,2.2
2018-12-10,13,0.0,1026.0,1015.2,5.8,6.0,15.4,11.6,7.7,1.9
2018-12-11,28,1.2,1016.8,1012.3,12.2,2.5,17.3,13.7,10.1,3.9
2018-12-12,19,5.0,1016.8,996.2,20.6,0.1,14.1,11.0,7.9,3.9
2018-12-13,28,1.6,1013.5,997.7,18.9,3.2,14.0,12.1,10.2,6.9
2018-12-14,99,1.8,1016.9,1012.0,13.6,0.0,14.3,12.0,9.7,3.1
2018-12-15,22,11.6,1012.0,1006.8,17.5,1.2,17.8,14.9,12.0,5.6
2018-12-16,28,5.8,1017.9,1006.5,17.2,3.7,12.4,11.2,10.1,4.7
2018-12-17,19,0.0,1018.0,1008.5,16.7,0.0,13.0,11.5,10.0,4.2
2018-12-18,18,31.2,1009.2,1000.0,19.7,2.6,13.6,11.6,9.7,5.6
2018-12-19,24,3.8,1013.7,1008.2,18.6,4.2,13.6,11.6,9.5,5.0
2018-12-20,18,0.0,1016.6,1013.6,14.4,0.2,15.2,13.6,11.9,4.4
2018-12-21,23,0.0,1019.9,1014.8,15.8,2.3,18.0,16.1,14.2,4.2
2018-12-22,24,0.0,1022.3,1019.7,11.4,0.3,16.7,14.6,12.6,3.1
2018-12-23,14,0.0,1021.7,1018.7,8.9,4.7,17.6,14.8,12.0,1.4
2018-12-24,16,0.0,1022.0,1020.1,6.4,5.3,16.0,13.2,10.5,1.7
2018-12-25,15,0.0,1020.4,1017.4,5.8,6.3,16.7,13.0,9.4,2.2
2018-12-26,17,0.6,1019.6,1017.7,6.9,5.6,18.1,13.4,8.6,2.5
2018-12-27,99,0.2,1021.5,1017.4,6.4,1.5,15.5,13.7,11.9,1.7
2018-12-28,01,0.2,1026.0,1021.4,8.3,2.0,14.4,13.2,11.9,1.9
2018-12-29,05,0.0,1025.6,1023.1,10.6,8.1,14.3,11.1,7.9,3.3
2018-12-30,14,0.0,1023.8,1021.6,5.3,8.2,14.8,10.4,6.0,1.1
2018-12-31,17,0.0,1024.2,1021.3,6.4,8.3,16.4,11.6,6.7,1.7
2019-01-01,17,0.0,1026.9,1023.2,4.2,8.4,13.9,9.5,5.1,1.1
2019-01-02,06,0.0,1027.1,1021.7,10.3,8.3,12.3,9.2,6.0,4.2
2019-01-03,99,0.0,1021.7,1019.9,4.4,8.4,13.6,9.1,4.6,1.7
2019-01-04,16,0.0,1026.3,1021.2,5.3,8.3,14.4,8.8,3.3,1.4
2019-01-05,16,0.0,1028.3,1026.2,5.0,8.5,12.8,8.2,3.6,1.1
2019-01-06,07,0.0,1027.6,1025.5,6.7,8.5,13.9,8.8,3.7,1.9
2019-01-07,05,0.0,1027.4,1024.9,9.2,8.6,12.2,8.3,4.4,2.8
2019-01-08,05,0.0,1026.8,1024.1,11.1,8.5,12.6,8.6,4.7,3.3
2019-01-09,04,0.0,1024.1,1018.6,11.4,3.5,13.1,10.2,7.4,3.9
2019-01-10,06,0.0,1020.2,1016.8,13.1,8.3,12.1,10.1,8.1,7.2
2019-01-11,03,0.0,1025.7,1020.1,11.4,8.5,12.1,9.6,7.1,5.3
2019-01-12,08,0.0,1027.2,1025.1,10.6,1.2,11.2,9.2,7.3,4.7
2019-01-13,05,0.0,1026.6,1022.4,9.7,0.9,12.1,10.6,9.1,2.8
2019-01-14,05,0.0,1022.4,1016.0,9.7,3.1,12.9,10.4,7.8,3.3
2019-01-15,15,0.2,1016.0,1010.6,4.4,8.1,14.3,10.3,6.3,0.8
2019-01-16,36,5.2,1013.6,1009.2,10.0,1.6,13.1,11.6,10.1,3.3
2019-01-17,29,6.8,1016.4,1013.6,12.8,5.4,12.4,10.0,7.7,1.9
2019-01-18,21,4.8,1015.5,1009.0,10.6,0.2,11.8,9.7,7.6,2.8
2019-01-19,36,20.6,1009.3,997.4,16.1,0.0,13.6,11.6,9.6,5.8
2019-01-20,34,1.6,1018.0,1007.8,13.3,4.1,12.6,11.4,10.1,5.8
2019-01-21,34,1.6,1019.7,1017.0,10.6,5.3,12.6,10.7,8.8,1.4
2019-01-22,28,10.2,1017.2,1009.3,16.9,0.0,11.4,10.4,9.4,6.7
2019-01-23,29,8.0,1011.0,1008.6,19.2,0.1,12.8,12.0,11.3,6.4
2019-01-24,36,1.6,1016.3,1010.3,12.5,0.0,12.7,12.0,11.4,5.8
2019-01-25,04,0.0,1018.3,1016.0,8.3,0.0,12.6,10.8,9.0,3.1
2019-01-26,30,3.8,1017.0,1010.7,13.6,7.5,13.2,9.6,6.1,2.8
2019-01-27,30,3.2,1016.9,1011.9,16.7,4.3,12.7,11.2,9.8,5.0
2019-01-28,29,1.4,1016.3,1012.7,14.2,1.0,13.1,11.8,10.5,3.6
2019-01-29,26,4.6,1012.9,1004.6,19.4,0.5,12.3,10.4,8.4,6.9
2019-01-30,24,20.0,1009.1,991.9,18.3,0.0,13.2,10.7,8.2,5.0
2019-01-31,24,15.6,991.9,982.6,18.6,0.0,13.7,11.3,8.9,6.9
